pais_residencia,nomprov,ind_empleado,segmento,sexo,age_group,renta
BO,MADRID,N,02 - PARTICULARES,V,4,94299.96
DE,MADRID,N,02 - PARTICULARES,H,3,141913.68
DE,MADRID,N,02 - PARTICULARES,H,4,141913.68
ES,ALAVA,N,01 - TOP,V,5,55271.07
ES,ALAVA,N,02 - PARTICULARES,H,2,97751.52
ES,ALAVA,N,02 - PARTICULARES,H,3,173662.47
ES,ALAVA,N,02 - PARTICULARES,H,4,96967.65
ES,ALAVA,N,02 - PARTICULARES,V,3,164007.12
ES,ALAVA,N,02 - PARTICULARES,V,4,253563.27
ES,ALAVA,N,03 - UNIVERSITARIO,V,3,74453.79
ES,ALBACETE,N,01 - TOP,H,3,77213.22
ES,ALBACETE,N,01 - TOP,H,4,85655.31
ES,ALBACETE,N,01 - TOP,H,5,72443.04
ES,ALBACETE,N,01 - TOP,H,6,63023.55
ES,ALBACETE,N,01 - TOP,V,3,55383.42
ES,ALBACETE,N,01 - TOP,V,4,87731.34
ES,ALBACETE,N,01 - TOP,V,5,94695.27
ES,ALBACETE,N,01 - TOP,V,6,98106.42
ES,ALBACETE,N,02 - PARTICULARES,H,0,77541.39
ES,ALBACETE,N,02 - PARTICULARES,H,1,88682.655
ES,ALBACETE,N,02 - PARTICULARES,H,2,66756.12
ES,ALBACETE,N,02 - PARTICULARES,H,3,77596.77
ES,ALBACETE,N,02 - PARTICULARES,H,4,81657.66
ES,ALBACETE,N,02 - PARTICULARES,H,5,85671.6
ES,ALBACETE,N,02 - PARTICULARES,H,6,89860.08
ES,ALBACETE,N,02 - PARTICULARES,V,0,70524.345
ES,ALBACETE,N,02 - PARTICULARES,V,1,78179.82
ES,ALBACETE,N,02 - PARTICULARES,V,2,75149.28
ES,ALBACETE,N,02 - PARTICULARES,V,3,73582.44
ES,ALBACETE,N,02 - PARTICULARES,V,4,80767.05
ES,ALBACETE,N,02 - PARTICULARES,V,5,84423.84
ES,ALBACETE,N,02 - PARTICULARES,V,6,96607.92
ES,ALBACETE,N,03 - UNIVERSITARIO,H,0,74162.28
ES,ALBACETE,N,03 - UNIVERSITARIO,H,1,75788.73
ES,ALBACETE,N,03 - UNIVERSITARIO,H,2,75395.64
ES,ALBACETE,N,03 - UNIVERSITARIO,H,3,74383.785
ES,ALBACETE,N,03 - UNIVERSITARIO,H,4,75252.24
ES,ALBACETE,N,03 - UNIVERSITARIO,V,0,79198.02
ES,ALBACETE,N,03 - UNIVERSITARIO,V,1,77400.75
ES,ALBACETE,N,03 - UNIVERSITARIO,V,2,75754.95
ES,ALBACETE,N,03 - UNIVERSITARIO,V,3,81202.8
ES,ALBACETE,N,03 - UNIVERSITARIO,V,4,78242.37
ES,ALBACETE,N,03 - UNIVERSITARIO,V,5,77517.96
ES,ALBACETE,N,03 - UNIVERSITARIO,V,6,92992.11
ES,ALICANTE,B,01 - TOP,V,4,115025.79
ES,ALICANTE,B,02 - PARTICULARES,V,4,187320.75
ES,ALICANTE,B,02 - PARTICULARES,V,5,187320.75
ES,ALICANTE,N,01 - TOP,H,0,38209.68
ES,ALICANTE,N,01 - TOP,H,3,60934.83
ES,ALICANTE,N,01 - TOP,H,4,81334.83
ES,ALICANTE,N,01 - TOP,H,5,94848.12
ES,ALICANTE,N,01 - TOP,H,6,79669.68
ES,ALICANTE,N,01 - TOP,V,2,57511.71
ES,ALICANTE,N,01 - TOP,V,3,58118.85
ES,ALICANTE,N,01 - TOP,V,4,80564.16
ES,ALICANTE,N,01 - TOP,V,5,87750.6
ES,ALICANTE,N,01 - TOP,V,6,99764.88
ES,ALICANTE,N,02 - PARTICULARES,H,0,66753.81
ES,ALICANTE,N,02 - PARTICULARES,H,1,62579.94
ES,ALICANTE,N,02 - PARTICULARES,H,2,52626.06
ES,ALICANTE,N,02 - PARTICULARES,H,3,63273.75
ES,ALICANTE,N,02 - PARTICULARES,H,4,69990.33
ES,ALICANTE,N,02 - PARTICULARES,H,5,76899.75
ES,ALICANTE,N,02 - PARTICULARES,H,6,72922.83
ES,ALICANTE,N,02 - PARTICULARES,V,0,62239.5
ES,ALICANTE,N,02 - PARTICULARES,V,1,67002.48
ES,ALICANTE,N,02 - PARTICULARES,V,2,58669.44
ES,ALICANTE,N,02 - PARTICULARES,V,3,59351.01
ES,ALICANTE,N,02 - PARTICULARES,V,4,70092.57
ES,ALICANTE,N,02 - PARTICULARES,V,5,74217.6
ES,ALICANTE,N,02 - PARTICULARES,V,6,78608.25
ES,ALICANTE,N,03 - UNIVERSITARIO,H,0,64289.16
ES,ALICANTE,N,03 - UNIVERSITARIO,H,1,62953.32
ES,ALICANTE,N,03 - UNIVERSITARIO,H,2,62617.59
ES,ALICANTE,N,03 - UNIVERSITARIO,H,3,61617.45
ES,ALICANTE,N,03 - UNIVERSITARIO,H,4,62860.92
ES,ALICANTE,N,03 - UNIVERSITARIO,H,5,200024.7
ES,ALICANTE,N,03 - UNIVERSITARIO,V,0,62299.395
ES,ALICANTE,N,03 - UNIVERSITARIO,V,1,65063.22
ES,ALICANTE,N,03 - UNIVERSITARIO,V,2,66023.61
ES,ALICANTE,N,03 - UNIVERSITARIO,V,3,67970.61
ES,ALICANTE,N,03 - UNIVERSITARIO,V,4,64228.41
ES,ALICANTE,N,03 - UNIVERSITARIO,V,5,84940.89
ES,ALICANTE,N,03 - UNIVERSITARIO,V,6,116018.37
ES,ALMERIA,N,01 - TOP,H,3,74108.07
ES,ALMERIA,N,01 - TOP,H,4,74108.07
ES,ALMERIA,N,01 - TOP,H,5,85047.03
ES,ALMERIA,N,01 - TOP,H,6,93896.43
ES,ALMERIA,N,01 - TOP,V,0,139228.32
ES,ALMERIA,N,01 - TOP,V,3,88062.66
ES,ALMERIA,N,01 - TOP,V,4,80385.45
ES,ALMERIA,N,01 - TOP,V,5,83149.23
ES,ALMERIA,N,01 - TOP,V,6,99426.9
ES,ALMERIA,N,02 - PARTICULARES,H,0,67155.66
ES,ALMERIA,N,02 - PARTICULARES,H,1,76489.14
ES,ALMERIA,N,02 - PARTICULARES,H,2,66544.35
ES,ALMERIA,N,02 - PARTICULARES,H,3,69908.13
ES,ALMERIA,N,02 - PARTICULARES,H,4,74311.77
ES,ALMERIA,N,02 - PARTICULARES,H,5,79961.82
ES,ALMERIA,N,02 - PARTICULARES,H,6,77634.84
ES,ALMERIA,N,02 - PARTICULARES,V,0,76792.32
ES,ALMERIA,N,02 - PARTICULARES,V,1,66824.43
ES,ALMERIA,N,02 - PARTICULARES,V,2,64954.53
ES,ALMERIA,N,02 - PARTICULARES,V,3,67613.7
ES,ALMERIA,N,02 - PARTICULARES,V,4,74029.83
ES,ALMERIA,N,02 - PARTICULARES,V,5,74846.58
ES,ALMERIA,N,02 - PARTICULARES,V,6,82306.29
ES,ALMERIA,N,03 - UNIVERSITARIO,H,0,68417.61
ES,ALMERIA,N,03 - UNIVERSITARIO,H,1,76218.57
ES,ALMERIA,N,03 - UNIVERSITARIO,H,2,63085.53
ES,ALMERIA,N,03 - UNIVERSITARIO,H,3,86906.64
ES,ALMERIA,N,03 - UNIVERSITARIO,H,4,73231.77
ES,ALMERIA,N,03 - UNIVERSITARIO,V,0,69885.33
ES,ALMERIA,N,03 - UNIVERSITARIO,V,1,71466.27
ES,ALMERIA,N,03 - UNIVERSITARIO,V,2,70522.44
ES,ALMERIA,N,03 - UNIVERSITARIO,V,3,66348.12
ES,ALMERIA,N,03 - UNIVERSITARIO,V,4,69885.33
ES,ASTURIAS,A,02 - PARTICULARES,H,3,117979.47
ES,ASTURIAS,A,02 - PARTICULARES,H,4,117979.47
ES,ASTURIAS,B,02 - PARTICULARES,V,4,118093.17
ES,ASTURIAS,B,02 - PARTICULARES,V,5,118093.17
ES,ASTURIAS,F,02 - PARTICULARES,H,4,75683.55
ES,ASTURIAS,N,01 - TOP,H,2,74755.2
ES,ASTURIAS,N,01 - TOP,H,3,104612.4
ES,ASTURIAS,N,01 - TOP,H,4,102206.13
ES,ASTURIAS,N,01 - TOP,H,5,100593.42
ES,ASTURIAS,N,01 - TOP,H,6,109002.135
ES,ASTURIAS,N,01 - TOP,V,0,69902.7
ES,ASTURIAS,N,01 - TOP,V,3,88591.095
ES,ASTURIAS,N,01 - TOP,V,4,97148.58
ES,ASTURIAS,N,01 - TOP,V,5,93215.67
ES,ASTURIAS,N,01 - TOP,V,6,112714.86
ES,ASTURIAS,N,02 - PARTICULARES,H,0,91135.14
ES,ASTURIAS,N,02 - PARTICULARES,H,1,82880.31
ES,ASTURIAS,N,02 - PARTICULARES,H,2,78249.69
ES,ASTURIAS,N,02 - PARTICULARES,H,3,79767.87
ES,ASTURIAS,N,02 - PARTICULARES,H,4,90005.46
ES,ASTURIAS,N,02 - PARTICULARES,H,5,90186.81
ES,ASTURIAS,N,02 - PARTICULARES,H,6,97774.5
ES,ASTURIAS,N,02 - PARTICULARES,V,0,86560.23
ES,ASTURIAS,N,02 - PARTICULARES,V,1,82910.94
ES,ASTURIAS,N,02 - PARTICULARES,V,2,76668.15
ES,ASTURIAS,N,02 - PARTICULARES,V,3,80241.06
ES,ASTURIAS,N,02 - PARTICULARES,V,4,86636.25
ES,ASTURIAS,N,02 - PARTICULARES,V,5,88806.51
ES,ASTURIAS,N,02 - PARTICULARES,V,6,97568.25
ES,ASTURIAS,N,03 - UNIVERSITARIO,H,0,86954.37
ES,ASTURIAS,N,03 - UNIVERSITARIO,H,1,83949.33
ES,ASTURIAS,N,03 - UNIVERSITARIO,H,2,81224.49
ES,ASTURIAS,N,03 - UNIVERSITARIO,H,3,79427.64
ES,ASTURIAS,N,03 - UNIVERSITARIO,H,4,84187.32
ES,ASTURIAS,N,03 - UNIVERSITARIO,V,0,86954.37
ES,ASTURIAS,N,03 - UNIVERSITARIO,V,1,85520.49
ES,ASTURIAS,N,03 - UNIVERSITARIO,V,2,85971.27
ES,ASTURIAS,N,03 - UNIVERSITARIO,V,3,90722.34
ES,ASTURIAS,N,03 - UNIVERSITARIO,V,4,85971.27
ES,ASTURIAS,N,03 - UNIVERSITARIO,V,5,140095.62
ES,ASTURIAS,N,03 - UNIVERSITARIO,V,6,107565.45
ES,AVILA,B,02 - PARTICULARES,H,4,108698.04
ES,AVILA,N,01 - TOP,H,0,54129.48
ES,AVILA,N,01 - TOP,H,3,79455.72
ES,AVILA,N,01 - TOP,H,4,77520.21
ES,AVILA,N,01 - TOP,H,5,64817.16
ES,AVILA,N,01 - TOP,H,6,83924.73
ES,AVILA,N,01 - TOP,V,2,61396.98
ES,AVILA,N,01 - TOP,V,3,85729.77
ES,AVILA,N,01 - TOP,V,4,77139.27
ES,AVILA,N,01 - TOP,V,5,83401.29
ES,AVILA,N,01 - TOP,V,6,112536.99
ES,AVILA,N,02 - PARTICULARES,H,0,58051.83
ES,AVILA,N,02 - PARTICULARES,H,1,84348.33
ES,AVILA,N,02 - PARTICULARES,H,2,51761.04
ES,AVILA,N,02 - PARTICULARES,H,3,63602.94
ES,AVILA,N,02 - PARTICULARES,H,4,70224.69
ES,AVILA,N,02 - PARTICULARES,H,5,61506.69
ES,AVILA,N,02 - PARTICULARES,H,6,65644.59
ES,AVILA,N,02 - PARTICULARES,V,0,63701.385
ES,AVILA,N,02 - PARTICULARES,V,1,78258.18
ES,AVILA,N,02 - PARTICULARES,V,2,68954.52
ES,AVILA,N,02 - PARTICULARES,V,3,67608.57
ES,AVILA,N,02 - PARTICULARES,V,4,69269.25
ES,AVILA,N,02 - PARTICULARES,V,5,73937.7
ES,AVILA,N,02 - PARTICULARES,V,6,64249.83
ES,AVILA,N,03 - UNIVERSITARIO,H,0,66790.68
ES,AVILA,N,03 - UNIVERSITARIO,H,1,63786.27
ES,AVILA,N,03 - UNIVERSITARIO,H,2,73499.19
ES,AVILA,N,03 - UNIVERSITARIO,H,3,89621.52
ES,AVILA,N,03 - UNIVERSITARIO,H,4,66372.21
ES,AVILA,N,03 - UNIVERSITARIO,V,0,70238.25
ES,AVILA,N,03 - UNIVERSITARIO,V,1,67793.67
ES,AVILA,N,03 - UNIVERSITARIO,V,2,60217.44
ES,AVILA,N,03 - UNIVERSITARIO,V,3,63872.595
ES,AVILA,N,03 - UNIVERSITARIO,V,4,69966.36
ES,BADAJOZ,N,01 - TOP,H,2,116430.72
ES,BADAJOZ,N,01 - TOP,H,3,125830.95
ES,BADAJOZ,N,01 - TOP,H,4,86766.54
ES,BADAJOZ,N,01 - TOP,H,5,86766.54
ES,BADAJOZ,N,01 - TOP,H,6,80729.4
ES,BADAJOZ,N,01 - TOP,V,1,47397.12
ES,BADAJOZ,N,01 - TOP,V,3,91545.36
ES,BADAJOZ,N,01 - TOP,V,4,82479.36
ES,BADAJOZ,N,01 - TOP,V,5,97056.75
ES,BADAJOZ,N,01 - TOP,V,6,98364.96
ES,BADAJOZ,N,02 - PARTICULARES,H,0,70920.09
ES,BADAJOZ,N,02 - PARTICULARES,H,1,73110.12
ES,BADAJOZ,N,02 - PARTICULARES,H,2,69353.4
ES,BADAJOZ,N,02 - PARTICULARES,H,3,66277.965
ES,BADAJOZ,N,02 - PARTICULARES,H,4,72897.78
ES,BADAJOZ,N,02 - PARTICULARES,H,5,73110.12
ES,BADAJOZ,N,02 - PARTICULARES,H,6,76100.55
ES,BADAJOZ,N,02 - PARTICULARES,V,0,63737.775
ES,BADAJOZ,N,02 - PARTICULARES,V,1,61607.49
ES,BADAJOZ,N,02 - PARTICULARES,V,2,65397.12
ES,BADAJOZ,N,02 - PARTICULARES,V,3,64766.22
ES,BADAJOZ,N,02 - PARTICULARES,V,4,70779.78
ES,BADAJOZ,N,02 - PARTICULARES,V,5,74374.8
ES,BADAJOZ,N,02 - PARTICULARES,V,6,78906.57
ES,BADAJOZ,N,03 - UNIVERSITARIO,H,0,58295.1
ES,BADAJOZ,N,03 - UNIVERSITARIO,H,1,56420.85
ES,BADAJOZ,N,03 - UNIVERSITARIO,H,2,57376.02
ES,BADAJOZ,N,03 - UNIVERSITARIO,H,3,70895.58
ES,BADAJOZ,N,03 - UNIVERSITARIO,H,4,57259.65
ES,BADAJOZ,N,03 - UNIVERSITARIO,H,5,207561.03
ES,BADAJOZ,N,03 - UNIVERSITARIO,V,0,63418.785
ES,BADAJOZ,N,03 - UNIVERSITARIO,V,1,60102.51
ES,BADAJOZ,N,03 - UNIVERSITARIO,V,2,58117.74
ES,BADAJOZ,N,03 - UNIVERSITARIO,V,3,64681.02
ES,BADAJOZ,N,03 - UNIVERSITARIO,V,4,60950.73
ES,BADAJOZ,N,03 - UNIVERSITARIO,V,5,99354.36
ES,"BALEARS, ILLES",N,01 - TOP,H,0,212240.58
ES,"BALEARS, ILLES",N,01 - TOP,H,1,74710.2
ES,"BALEARS, ILLES",N,01 - TOP,H,3,238043.22
ES,"BALEARS, ILLES",N,01 - TOP,H,4,175274.64
ES,"BALEARS, ILLES",N,01 - TOP,H,5,163887.705
ES,"BALEARS, ILLES",N,01 - TOP,H,6,168480.99
ES,"BALEARS, ILLES",N,01 - TOP,V,2,352299.84
ES,"BALEARS, ILLES",N,01 - TOP,V,3,114665.7
ES,"BALEARS, ILLES",N,01 - TOP,V,4,199118.46
ES,"BALEARS, ILLES",N,01 - TOP,V,5,210047.25
ES,"BALEARS, ILLES",N,01 - TOP,V,6,234092.88
ES,"BALEARS, ILLES",N,02 - PARTICULARES,H,0,113677.32
ES,"BALEARS, ILLES",N,02 - PARTICULARES,H,1,104223.51
ES,"BALEARS, ILLES",N,02 - PARTICULARES,H,2,105980.67
ES,"BALEARS, ILLES",N,02 - PARTICULARES,H,3,105427.98
ES,"BALEARS, ILLES",N,02 - PARTICULARES,H,4,117946.68
ES,"BALEARS, ILLES",N,02 - PARTICULARES,H,5,126233.73
ES,"BALEARS, ILLES",N,02 - PARTICULARES,H,6,149565.6
ES,"BALEARS, ILLES",N,02 - PARTICULARES,V,0,111372.225
ES,"BALEARS, ILLES",N,02 - PARTICULARES,V,1,102854.67
ES,"BALEARS, ILLES",N,02 - PARTICULARES,V,2,101928.48
ES,"BALEARS, ILLES",N,02 - PARTICULARES,V,3,109051.98
ES,"BALEARS, ILLES",N,02 - PARTICULARES,V,4,119212.71
ES,"BALEARS, ILLES",N,02 - PARTICULARES,V,5,125665.29
ES,"BALEARS, ILLES",N,02 - PARTICULARES,V,6,138110.13
ES,"BALEARS, ILLES",N,03 - UNIVERSITARIO,H,0,128026.305
ES,"BALEARS, ILLES",N,03 - UNIVERSITARIO,H,1,135261.51
ES,"BALEARS, ILLES",N,03 - UNIVERSITARIO,H,2,112196.31
ES,"BALEARS, ILLES",N,03 - UNIVERSITARIO,H,3,112916.07
ES,"BALEARS, ILLES",N,03 - UNIVERSITARIO,H,4,128480.91
ES,"BALEARS, ILLES",N,03 - UNIVERSITARIO,V,0,129948.69
ES,"BALEARS, ILLES",N,03 - UNIVERSITARIO,V,1,130501.515
ES,"BALEARS, ILLES",N,03 - UNIVERSITARIO,V,2,116657.43
ES,"BALEARS, ILLES",N,03 - UNIVERSITARIO,V,3,100201.08
ES,"BALEARS, ILLES",N,03 - UNIVERSITARIO,V,4,127925.67
ES,BARCELONA,A,01 - TOP,V,4,91219.11
ES,BARCELONA,A,01 - TOP,V,5,91219.11
ES,BARCELONA,A,02 - PARTICULARES,V,4,187607.79
ES,BARCELONA,A,02 - PARTICULARES,V,5,146008.65
ES,BARCELONA,A,02 - PARTICULARES,V,6,229206.93
ES,BARCELONA,B,01 - TOP,V,4,91531.29
ES,BARCELONA,B,01 - TOP,V,5,151560.81
ES,BARCELONA,B,02 - PARTICULARES,V,4,158132.22
ES,BARCELONA,B,02 - PARTICULARES,V,5,236748.21
ES,BARCELONA,N,01 - TOP,H,0,298955.535
ES,BARCELONA,N,01 - TOP,H,1,165207.3
ES,BARCELONA,N,01 - TOP,H,2,69808.44
ES,BARCELONA,N,01 - TOP,H,3,149880.63
ES,BARCELONA,N,01 - TOP,H,4,163617.3
ES,BARCELONA,N,01 - TOP,H,5,161469.96
ES,BARCELONA,N,01 - TOP,H,6,173011.17
ES,BARCELONA,N,01 - TOP,V,0,506723.25
ES,BARCELONA,N,01 - TOP,V,1,111031.32
ES,BARCELONA,N,01 - TOP,V,2,102997.245
ES,BARCELONA,N,01 - TOP,V,3,137927.94
ES,BARCELONA,N,01 - TOP,V,4,152942.91
ES,BARCELONA,N,01 - TOP,V,5,167089.17
ES,BARCELONA,N,01 - TOP,V,6,164417.97
ES,BARCELONA,N,02 - PARTICULARES,H,0,128089.92
ES,BARCELONA,N,02 - PARTICULARES,H,1,127841.88
ES,BARCELONA,N,02 - PARTICULARES,H,2,112239.6
ES,BARCELONA,N,02 - PARTICULARES,H,3,113904.54
ES,BARCELONA,N,02 - PARTICULARES,H,4,127873.53
ES,BARCELONA,N,02 - PARTICULARES,H,5,142208.43
ES,BARCELONA,N,02 - PARTICULARES,H,6,145379.79
ES,BARCELONA,N,02 - PARTICULARES,V,0,135186.15
ES,BARCELONA,N,02 - PARTICULARES,V,1,119025.24
ES,BARCELONA,N,02 - PARTICULARES,V,2,114479.91
ES,BARCELONA,N,02 - PARTICULARES,V,3,115819.35
ES,BARCELONA,N,02 - PARTICULARES,V,4,127245.06
ES,BARCELONA,N,02 - PARTICULARES,V,5,137723.79
ES,BARCELONA,N,02 - PARTICULARES,V,6,146918.25
ES,BARCELONA,N,03 - UNIVERSITARIO,H,0,132410.91
ES,BARCELONA,N,03 - UNIVERSITARIO,H,1,128865.24
ES,BARCELONA,N,03 - UNIVERSITARIO,H,2,121644.63
ES,BARCELONA,N,03 - UNIVERSITARIO,H,3,118477.32
ES,BARCELONA,N,03 - UNIVERSITARIO,H,4,128123.88
ES,BARCELONA,N,03 - UNIVERSITARIO,H,5,187531.47
ES,BARCELONA,N,03 - UNIVERSITARIO,H,6,259179.42
ES,BARCELONA,N,03 - UNIVERSITARIO,V,0,136421.97
ES,BARCELONA,N,03 - UNIVERSITARIO,V,1,134123.07
ES,BARCELONA,N,03 - UNIVERSITARIO,V,2,123583.77
ES,BARCELONA,N,03 - UNIVERSITARIO,V,3,125458.53
ES,BARCELONA,N,03 - UNIVERSITARIO,V,4,132918.54
ES,BARCELONA,N,03 - UNIVERSITARIO,V,5,178181.37
ES,BARCELONA,N,03 - UNIVERSITARIO,V,6,238695.48
ES,BIZKAIA,N,01 - TOP,V,3,314612.49
ES,BIZKAIA,N,01 - TOP,V,4,113105.835
ES,BIZKAIA,N,02 - PARTICULARES,H,2,39975.96
ES,BIZKAIA,N,02 - PARTICULARES,H,3,76570.65
ES,BIZKAIA,N,02 - PARTICULARES,H,4,97093.23
ES,BIZKAIA,N,02 - PARTICULARES,H,6,128379.33
ES,BIZKAIA,N,02 - PARTICULARES,V,2,92961.33
ES,BIZKAIA,N,02 - PARTICULARES,V,3,119315.31
ES,BIZKAIA,N,02 - PARTICULARES,V,4,99719.49
ES,BIZKAIA,N,02 - PARTICULARES,V,6,148605.0
ES,BIZKAIA,N,03 - UNIVERSITARIO,H,2,93016.02
ES,BIZKAIA,N,03 - UNIVERSITARIO,V,2,108659.43
ES,BURGOS,N,01 - TOP,H,0,103818.54
ES,BURGOS,N,01 - TOP,H,3,102778.53
ES,BURGOS,N,01 - TOP,H,4,102778.53
ES,BURGOS,N,01 - TOP,H,5,112793.73
ES,BURGOS,N,01 - TOP,H,6,121206.42
ES,BURGOS,N,01 - TOP,V,2,66315.72
ES,BURGOS,N,01 - TOP,V,3,106042.17
ES,BURGOS,N,01 - TOP,V,4,92254.32
ES,BURGOS,N,01 - TOP,V,5,102946.74
ES,BURGOS,N,01 - TOP,V,6,93224.52
ES,BURGOS,N,02 - PARTICULARES,H,0,94897.35
ES,BURGOS,N,02 - PARTICULARES,H,1,90833.25
ES,BURGOS,N,02 - PARTICULARES,H,2,77638.92
ES,BURGOS,N,02 - PARTICULARES,H,3,82057.59
ES,BURGOS,N,02 - PARTICULARES,H,4,87597.87
ES,BURGOS,N,02 - PARTICULARES,H,5,91750.92
ES,BURGOS,N,02 - PARTICULARES,H,6,93432.78
ES,BURGOS,N,02 - PARTICULARES,V,0,95493.78
ES,BURGOS,N,02 - PARTICULARES,V,1,89046.99
ES,BURGOS,N,02 - PARTICULARES,V,2,79495.83
ES,BURGOS,N,02 - PARTICULARES,V,3,83539.68
ES,BURGOS,N,02 - PARTICULARES,V,4,90405.84
ES,BURGOS,N,02 - PARTICULARES,V,5,97203.12
ES,BURGOS,N,02 - PARTICULARES,V,6,98670.57
ES,BURGOS,N,03 - UNIVERSITARIO,H,0,93867.66
ES,BURGOS,N,03 - UNIVERSITARIO,H,1,81944.19
ES,BURGOS,N,03 - UNIVERSITARIO,H,2,74681.19
ES,BURGOS,N,03 - UNIVERSITARIO,H,3,90919.23
ES,BURGOS,N,03 - UNIVERSITARIO,H,4,85194.765
ES,BURGOS,N,03 - UNIVERSITARIO,H,5,80128.14
ES,BURGOS,N,03 - UNIVERSITARIO,V,0,87227.46
ES,BURGOS,N,03 - UNIVERSITARIO,V,1,94741.74
ES,BURGOS,N,03 - UNIVERSITARIO,V,2,96402.3
ES,BURGOS,N,03 - UNIVERSITARIO,V,3,93815.76
ES,BURGOS,N,03 - UNIVERSITARIO,V,4,93433.44
ES,CACERES,N,01 - TOP,H,2,138022.05
ES,CACERES,N,01 - TOP,H,3,64104.78
ES,CACERES,N,01 - TOP,H,4,79722.9
ES,CACERES,N,01 - TOP,H,5,95929.74
ES,CACERES,N,01 - TOP,H,6,63963.66
ES,CACERES,N,01 - TOP,V,3,80866.89
ES,CACERES,N,01 - TOP,V,4,87107.64
ES,CACERES,N,01 - TOP,V,5,88997.97
ES,CACERES,N,01 - TOP,V,6,87107.64
ES,CACERES,N,02 - PARTICULARES,H,0,59824.44
ES,CACERES,N,02 - PARTICULARES,H,1,77642.13
ES,CACERES,N,02 - PARTICULARES,H,2,71340.99
ES,CACERES,N,02 - PARTICULARES,H,3,64807.02
ES,CACERES,N,02 - PARTICULARES,H,4,69972.51
ES,CACERES,N,02 - PARTICULARES,H,5,64829.67
ES,CACERES,N,02 - PARTICULARES,H,6,71597.16
ES,CACERES,N,02 - PARTICULARES,V,0,64714.11
ES,CACERES,N,02 - PARTICULARES,V,1,74386.2
ES,CACERES,N,02 - PARTICULARES,V,2,66522.81
ES,CACERES,N,02 - PARTICULARES,V,3,70515.48
ES,CACERES,N,02 - PARTICULARES,V,4,73063.98
ES,CACERES,N,02 - PARTICULARES,V,5,78192.21
ES,CACERES,N,02 - PARTICULARES,V,6,74326.05
ES,CACERES,N,03 - UNIVERSITARIO,H,0,63001.8
ES,CACERES,N,03 - UNIVERSITARIO,H,1,63127.8
ES,CACERES,N,03 - UNIVERSITARIO,H,2,63661.62
ES,CACERES,N,03 - UNIVERSITARIO,H,3,70252.11
ES,CACERES,N,03 - UNIVERSITARIO,H,4,63221.73
ES,CACERES,N,03 - UNIVERSITARIO,V,0,73527.57
ES,CACERES,N,03 - UNIVERSITARIO,V,1,68904.57
ES,CACERES,N,03 - UNIVERSITARIO,V,2,64423.59
ES,CACERES,N,03 - UNIVERSITARIO,V,3,73305.96
ES,CACERES,N,03 - UNIVERSITARIO,V,4,69529.98
ES,CADIZ,N,01 - TOP,H,0,86041.65
ES,CADIZ,N,01 - TOP,H,3,105536.91
ES,CADIZ,N,01 - TOP,H,4,82703.64
ES,CADIZ,N,01 - TOP,H,5,97685.67
ES,CADIZ,N,01 - TOP,H,6,106546.08
ES,CADIZ,N,01 - TOP,V,3,117718.56
ES,CADIZ,N,01 - TOP,V,4,98698.89
ES,CADIZ,N,01 - TOP,V,5,86758.5
ES,CADIZ,N,01 - TOP,V,6,119601.36
ES,CADIZ,N,02 - PARTICULARES,H,0,86041.65
ES,CADIZ,N,02 - PARTICULARES,H,1,100616.25
ES,CADIZ,N,02 - PARTICULARES,H,2,73271.64
ES,CADIZ,N,02 - PARTICULARES,H,3,76967.52
ES,CADIZ,N,02 - PARTICULARES,H,4,81334.29
ES,CADIZ,N,02 - PARTICULARES,H,5,86512.59
ES,CADIZ,N,02 - PARTICULARES,H,6,89575.32
ES,CADIZ,N,02 - PARTICULARES,V,0,66548.19
ES,CADIZ,N,02 - PARTICULARES,V,1,79164.63
ES,CADIZ,N,02 - PARTICULARES,V,2,70375.53
ES,CADIZ,N,02 - PARTICULARES,V,3,76356.51
ES,CADIZ,N,02 - PARTICULARES,V,4,81342.54
ES,CADIZ,N,02 - PARTICULARES,V,5,85863.75
ES,CADIZ,N,02 - PARTICULARES,V,6,90049.92
ES,CADIZ,N,03 - UNIVERSITARIO,H,0,76069.08
ES,CADIZ,N,03 - UNIVERSITARIO,H,1,73181.16
ES,CADIZ,N,03 - UNIVERSITARIO,H,2,74368.74
ES,CADIZ,N,03 - UNIVERSITARIO,H,3,73044.81
ES,CADIZ,N,03 - UNIVERSITARIO,H,4,73719.69
ES,CADIZ,N,03 - UNIVERSITARIO,H,5,102931.965
ES,CADIZ,N,03 - UNIVERSITARIO,V,0,78971.61
ES,CADIZ,N,03 - UNIVERSITARIO,V,1,78374.4
ES,CADIZ,N,03 - UNIVERSITARIO,V,2,73712.58
ES,CADIZ,N,03 - UNIVERSITARIO,V,3,75114.48
ES,CADIZ,N,03 - UNIVERSITARIO,V,4,77372.07
ES,CADIZ,N,03 - UNIVERSITARIO,V,5,97466.25
ES,CADIZ,N,03 - UNIVERSITARIO,V,6,128265.03
ES,CANTABRIA,B,02 - PARTICULARES,V,4,55596.0
ES,CANTABRIA,N,01 - TOP,H,2,176397.09
ES,CANTABRIA,N,01 - TOP,H,3,95455.02
ES,CANTABRIA,N,01 - TOP,H,4,104891.22
ES,CANTABRIA,N,01 - TOP,H,5,113546.43
ES,CANTABRIA,N,01 - TOP,H,6,102677.94
ES,CANTABRIA,N,01 - TOP,V,2,64786.17
ES,CANTABRIA,N,01 - TOP,V,3,80606.82
ES,CANTABRIA,N,01 - TOP,V,4,115797.72
ES,CANTABRIA,N,01 - TOP,V,5,102457.02
ES,CANTABRIA,N,01 - TOP,V,6,124908.75
ES,CANTABRIA,N,02 - PARTICULARES,H,0,82850.64
ES,CANTABRIA,N,02 - PARTICULARES,H,1,98190.42
ES,CANTABRIA,N,02 - PARTICULARES,H,2,92688.66
ES,CANTABRIA,N,02 - PARTICULARES,H,3,89846.31
ES,CANTABRIA,N,02 - PARTICULARES,H,4,96630.48
ES,CANTABRIA,N,02 - PARTICULARES,H,5,95941.5
ES,CANTABRIA,N,02 - PARTICULARES,H,6,103271.85
ES,CANTABRIA,N,02 - PARTICULARES,V,0,84017.91
ES,CANTABRIA,N,02 - PARTICULARES,V,1,100455.66
ES,CANTABRIA,N,02 - PARTICULARES,V,2,81883.23
ES,CANTABRIA,N,02 - PARTICULARES,V,3,93480.09
ES,CANTABRIA,N,02 - PARTICULARES,V,4,95648.79
ES,CANTABRIA,N,02 - PARTICULARES,V,5,102895.8
ES,CANTABRIA,N,02 - PARTICULARES,V,6,110182.47
ES,CANTABRIA,N,03 - UNIVERSITARIO,H,0,89834.82
ES,CANTABRIA,N,03 - UNIVERSITARIO,H,1,85904.7
ES,CANTABRIA,N,03 - UNIVERSITARIO,H,2,81662.94
ES,CANTABRIA,N,03 - UNIVERSITARIO,H,3,88447.17
ES,CANTABRIA,N,03 - UNIVERSITARIO,H,4,86049.69
ES,CANTABRIA,N,03 - UNIVERSITARIO,V,0,92798.7
ES,CANTABRIA,N,03 - UNIVERSITARIO,V,1,89551.2
ES,CANTABRIA,N,03 - UNIVERSITARIO,V,2,103820.79
ES,CANTABRIA,N,03 - UNIVERSITARIO,V,3,91158.6
ES,CANTABRIA,N,03 - UNIVERSITARIO,V,4,92782.68
ES,CANTABRIA,N,03 - UNIVERSITARIO,V,5,153937.2
ES,CASTELLON,N,01 - TOP,H,3,76848.27
ES,CASTELLON,N,01 - TOP,H,4,85847.49
ES,CASTELLON,N,01 - TOP,H,5,88111.32
ES,CASTELLON,N,01 - TOP,H,6,55647.3
ES,CASTELLON,N,01 - TOP,V,3,78251.22
ES,CASTELLON,N,01 - TOP,V,4,85586.7
ES,CASTELLON,N,01 - TOP,V,5,79060.23
ES,CASTELLON,N,01 - TOP,V,6,142020.81
ES,CASTELLON,N,02 - PARTICULARES,H,0,60860.13
ES,CASTELLON,N,02 - PARTICULARES,H,1,66586.83
ES,CASTELLON,N,02 - PARTICULARES,H,2,62199.69
ES,CASTELLON,N,02 - PARTICULARES,H,3,62249.49
ES,CASTELLON,N,02 - PARTICULARES,H,4,69447.15
ES,CASTELLON,N,02 - PARTICULARES,H,5,65954.22
ES,CASTELLON,N,02 - PARTICULARES,H,6,72545.94
ES,CASTELLON,N,02 - PARTICULARES,V,0,60760.23
ES,CASTELLON,N,02 - PARTICULARES,V,1,60672.36
ES,CASTELLON,N,02 - PARTICULARES,V,2,56448.3
ES,CASTELLON,N,02 - PARTICULARES,V,3,65113.59
ES,CASTELLON,N,02 - PARTICULARES,V,4,66761.43
ES,CASTELLON,N,02 - PARTICULARES,V,5,66347.07
ES,CASTELLON,N,02 - PARTICULARES,V,6,80716.38
ES,CASTELLON,N,03 - UNIVERSITARIO,H,0,65721.15
ES,CASTELLON,N,03 - UNIVERSITARIO,H,1,63983.55
ES,CASTELLON,N,03 - UNIVERSITARIO,H,2,61383.3
ES,CASTELLON,N,03 - UNIVERSITARIO,H,3,61087.11
ES,CASTELLON,N,03 - UNIVERSITARIO,H,4,63814.77
ES,CASTELLON,N,03 - UNIVERSITARIO,V,0,67478.19
ES,CASTELLON,N,03 - UNIVERSITARIO,V,1,66839.4
ES,CASTELLON,N,03 - UNIVERSITARIO,V,2,65920.56
ES,CASTELLON,N,03 - UNIVERSITARIO,V,3,64557.99
ES,CASTELLON,N,03 - UNIVERSITARIO,V,4,66631.65
ES,CEUTA,N,01 - TOP,H,3,183735.36
ES,CEUTA,N,01 - TOP,H,4,170899.635
ES,CEUTA,N,01 - TOP,H,5,169036.92
ES,CEUTA,N,01 - TOP,H,6,124158.42
ES,CEUTA,N,01 - TOP,V,3,55306.65
ES,CEUTA,N,01 - TOP,V,4,124158.42
ES,CEUTA,N,01 - TOP,V,5,124441.53
ES,CEUTA,N,01 - TOP,V,6,176916.96
ES,CEUTA,N,02 - PARTICULARES,H,0,124441.53
ES,CEUTA,N,02 - PARTICULARES,H,1,133334.19
ES,CEUTA,N,02 - PARTICULARES,H,2,141556.08
ES,CEUTA,N,02 - PARTICULARES,H,3,144181.26
ES,CEUTA,N,02 - PARTICULARES,H,4,120702.93
ES,CEUTA,N,02 - PARTICULARES,H,5,116063.79
ES,CEUTA,N,02 - PARTICULARES,H,6,190865.82
ES,CEUTA,N,02 - PARTICULARES,V,0,106008.24
ES,CEUTA,N,02 - PARTICULARES,V,1,124441.53
ES,CEUTA,N,02 - PARTICULARES,V,2,107350.56
ES,CEUTA,N,02 - PARTICULARES,V,3,96820.47
ES,CEUTA,N,02 - PARTICULARES,V,4,121494.48
ES,CEUTA,N,02 - PARTICULARES,V,5,136948.53
ES,CEUTA,N,02 - PARTICULARES,V,6,126482.22
ES,CEUTA,N,03 - UNIVERSITARIO,H,0,138001.95
ES,CEUTA,N,03 - UNIVERSITARIO,H,1,132863.04
ES,CEUTA,N,03 - UNIVERSITARIO,H,2,66464.82
ES,CEUTA,N,03 - UNIVERSITARIO,H,3,141556.08
ES,CEUTA,N,03 - UNIVERSITARIO,H,4,141020.505
ES,CEUTA,N,03 - UNIVERSITARIO,V,0,150865.74
ES,CEUTA,N,03 - UNIVERSITARIO,V,1,132672.99
ES,CEUTA,N,03 - UNIVERSITARIO,V,2,183199.02
ES,CEUTA,N,03 - UNIVERSITARIO,V,3,839403.33
ES,CEUTA,N,03 - UNIVERSITARIO,V,4,147377.445
ES,CIUDAD REAL,A,02 - PARTICULARES,V,4,88374.45
ES,CIUDAD REAL,N,01 - TOP,H,3,60167.58
ES,CIUDAD REAL,N,01 - TOP,H,4,71369.37
ES,CIUDAD REAL,N,01 - TOP,H,5,71369.37
ES,CIUDAD REAL,N,01 - TOP,H,6,63446.25
ES,CIUDAD REAL,N,01 - TOP,V,3,80969.1
ES,CIUDAD REAL,N,01 - TOP,V,4,71734.2
ES,CIUDAD REAL,N,01 - TOP,V,5,69597.18
ES,CIUDAD REAL,N,01 - TOP,V,6,74449.02
ES,CIUDAD REAL,N,02 - PARTICULARES,H,0,63478.11
ES,CIUDAD REAL,N,02 - PARTICULARES,H,1,66983.97
ES,CIUDAD REAL,N,02 - PARTICULARES,H,2,59004.24
ES,CIUDAD REAL,N,02 - PARTICULARES,H,3,64358.7
ES,CIUDAD REAL,N,02 - PARTICULARES,H,4,65597.79
ES,CIUDAD REAL,N,02 - PARTICULARES,H,5,64386.84
ES,CIUDAD REAL,N,02 - PARTICULARES,H,6,67193.31
ES,CIUDAD REAL,N,02 - PARTICULARES,V,0,64032.42
ES,CIUDAD REAL,N,02 - PARTICULARES,V,1,53633.46
ES,CIUDAD REAL,N,02 - PARTICULARES,V,2,68515.77
ES,CIUDAD REAL,N,02 - PARTICULARES,V,3,63092.67
ES,CIUDAD REAL,N,02 - PARTICULARES,V,4,65548.08
ES,CIUDAD REAL,N,02 - PARTICULARES,V,5,69084.75
ES,CIUDAD REAL,N,02 - PARTICULARES,V,6,66795.39
ES,CIUDAD REAL,N,03 - UNIVERSITARIO,H,0,60086.865
ES,CIUDAD REAL,N,03 - UNIVERSITARIO,H,1,58601.85
ES,CIUDAD REAL,N,03 - UNIVERSITARIO,H,2,57235.29
ES,CIUDAD REAL,N,03 - UNIVERSITARIO,H,3,60248.37
ES,CIUDAD REAL,N,03 - UNIVERSITARIO,H,4,59049.3
ES,CIUDAD REAL,N,03 - UNIVERSITARIO,V,0,60988.74
ES,CIUDAD REAL,N,03 - UNIVERSITARIO,V,1,60781.44
ES,CIUDAD REAL,N,03 - UNIVERSITARIO,V,2,64620.57
ES,CIUDAD REAL,N,03 - UNIVERSITARIO,V,3,58622.61
ES,CIUDAD REAL,N,03 - UNIVERSITARIO,V,4,61541.76
ES,CIUDAD REAL,N,03 - UNIVERSITARIO,V,5,78062.19
ES,CORDOBA,N,01 - TOP,H,2,52933.83
ES,CORDOBA,N,01 - TOP,H,3,47166.0
ES,CORDOBA,N,01 - TOP,H,4,75142.11
ES,CORDOBA,N,01 - TOP,H,5,80632.74
ES,CORDOBA,N,01 - TOP,H,6,66611.1
ES,CORDOBA,N,01 - TOP,V,3,62340.33
ES,CORDOBA,N,01 - TOP,V,4,72879.93
ES,CORDOBA,N,01 - TOP,V,5,93745.44
ES,CORDOBA,N,01 - TOP,V,6,79018.17
ES,CORDOBA,N,02 - PARTICULARES,H,0,77883.0
ES,CORDOBA,N,02 - PARTICULARES,H,1,93272.4
ES,CORDOBA,N,02 - PARTICULARES,H,2,62110.74
ES,CORDOBA,N,02 - PARTICULARES,H,3,70647.66
ES,CORDOBA,N,02 - PARTICULARES,H,4,78685.23
ES,CORDOBA,N,02 - PARTICULARES,H,5,79512.69
ES,CORDOBA,N,02 - PARTICULARES,H,6,88262.85
ES,CORDOBA,N,02 - PARTICULARES,V,0,68805.9
ES,CORDOBA,N,02 - PARTICULARES,V,1,67558.545
ES,CORDOBA,N,02 - PARTICULARES,V,2,61019.31
ES,CORDOBA,N,02 - PARTICULARES,V,3,66929.37
ES,CORDOBA,N,02 - PARTICULARES,V,4,73795.89
ES,CORDOBA,N,02 - PARTICULARES,V,5,79682.52
ES,CORDOBA,N,02 - PARTICULARES,V,6,85587.84
ES,CORDOBA,N,03 - UNIVERSITARIO,H,0,61688.31
ES,CORDOBA,N,03 - UNIVERSITARIO,H,1,62457.15
ES,CORDOBA,N,03 - UNIVERSITARIO,H,2,62121.9
ES,CORDOBA,N,03 - UNIVERSITARIO,H,3,69077.7
ES,CORDOBA,N,03 - UNIVERSITARIO,H,4,62121.9
ES,CORDOBA,N,03 - UNIVERSITARIO,V,0,70393.68
ES,CORDOBA,N,03 - UNIVERSITARIO,V,1,67968.51
ES,CORDOBA,N,03 - UNIVERSITARIO,V,2,66704.49
ES,CORDOBA,N,03 - UNIVERSITARIO,V,3,73612.26
ES,CORDOBA,N,03 - UNIVERSITARIO,V,4,68002.86
ES,CORDOBA,N,03 - UNIVERSITARIO,V,5,89760.51
ES,"CORUÑA, A",F,02 - PARTICULARES,H,4,178816.17
ES,"CORUÑA, A",N,01 - TOP,H,0,141386.37
ES,"CORUÑA, A",N,01 - TOP,H,1,144355.53
ES,"CORUÑA, A",N,01 - TOP,H,3,98450.46
ES,"CORUÑA, A",N,01 - TOP,H,4,107802.33
ES,"CORUÑA, A",N,01 - TOP,H,5,119129.34
ES,"CORUÑA, A",N,01 - TOP,H,6,120729.3
ES,"CORUÑA, A",N,01 - TOP,V,0,78290.31
ES,"CORUÑA, A",N,01 - TOP,V,3,107201.19
ES,"CORUÑA, A",N,01 - TOP,V,4,107201.19
ES,"CORUÑA, A",N,01 - TOP,V,5,108119.64
ES,"CORUÑA, A",N,01 - TOP,V,6,120586.65
ES,"CORUÑA, A",N,02 - PARTICULARES,H,0,83775.42
ES,"CORUÑA, A",N,02 - PARTICULARES,H,1,99137.52
ES,"CORUÑA, A",N,02 - PARTICULARES,H,2,99581.04
ES,"CORUÑA, A",N,02 - PARTICULARES,H,3,93444.87
ES,"CORUÑA, A",N,02 - PARTICULARES,H,4,100739.73
ES,"CORUÑA, A",N,02 - PARTICULARES,H,5,108660.48
ES,"CORUÑA, A",N,02 - PARTICULARES,H,6,121425.12
ES,"CORUÑA, A",N,02 - PARTICULARES,V,0,90306.63
ES,"CORUÑA, A",N,02 - PARTICULARES,V,1,103302.06
ES,"CORUÑA, A",N,02 - PARTICULARES,V,2,92318.55
ES,"CORUÑA, A",N,02 - PARTICULARES,V,3,93716.28
ES,"CORUÑA, A",N,02 - PARTICULARES,V,4,99497.19
ES,"CORUÑA, A",N,02 - PARTICULARES,V,5,103996.32
ES,"CORUÑA, A",N,02 - PARTICULARES,V,6,121615.92
ES,"CORUÑA, A",N,03 - UNIVERSITARIO,H,0,93043.215
ES,"CORUÑA, A",N,03 - UNIVERSITARIO,H,1,93414.33
ES,"CORUÑA, A",N,03 - UNIVERSITARIO,H,2,91639.74
ES,"CORUÑA, A",N,03 - UNIVERSITARIO,H,3,94198.83
ES,"CORUÑA, A",N,03 - UNIVERSITARIO,H,4,93645.18
ES,"CORUÑA, A",N,03 - UNIVERSITARIO,V,0,97419.66
ES,"CORUÑA, A",N,03 - UNIVERSITARIO,V,1,96075.33
ES,"CORUÑA, A",N,03 - UNIVERSITARIO,V,2,99208.35
ES,"CORUÑA, A",N,03 - UNIVERSITARIO,V,3,93272.67
ES,"CORUÑA, A",N,03 - UNIVERSITARIO,V,4,97639.32
ES,"CORUÑA, A",N,03 - UNIVERSITARIO,V,5,105167.295
ES,"CORUÑA, A",N,03 - UNIVERSITARIO,V,6,254720.22
ES,CUENCA,N,01 - TOP,H,3,91605.69
ES,CUENCA,N,01 - TOP,H,4,60595.89
ES,CUENCA,N,01 - TOP,H,5,79909.59
ES,CUENCA,N,01 - TOP,H,6,77120.73
ES,CUENCA,N,01 - TOP,V,3,62836.05
ES,CUENCA,N,01 - TOP,V,4,83955.75
ES,CUENCA,N,01 - TOP,V,5,73150.53
ES,CUENCA,N,01 - TOP,V,6,76494.54
ES,CUENCA,N,02 - PARTICULARES,H,0,45420.63
ES,CUENCA,N,02 - PARTICULARES,H,1,53540.76
ES,CUENCA,N,02 - PARTICULARES,H,2,60400.545
ES,CUENCA,N,02 - PARTICULARES,H,3,67109.34
ES,CUENCA,N,02 - PARTICULARES,H,4,76972.23
ES,CUENCA,N,02 - PARTICULARES,H,5,73046.16
ES,CUENCA,N,02 - PARTICULARES,H,6,61457.1
ES,CUENCA,N,02 - PARTICULARES,V,0,61634.34
ES,CUENCA,N,02 - PARTICULARES,V,1,70408.32
ES,CUENCA,N,02 - PARTICULARES,V,2,68826.84
ES,CUENCA,N,02 - PARTICULARES,V,3,67029.66
ES,CUENCA,N,02 - PARTICULARES,V,4,68430.33
ES,CUENCA,N,02 - PARTICULARES,V,5,73055.4
ES,CUENCA,N,02 - PARTICULARES,V,6,58318.71
ES,CUENCA,N,03 - UNIVERSITARIO,H,0,63818.88
ES,CUENCA,N,03 - UNIVERSITARIO,H,1,63448.5
ES,CUENCA,N,03 - UNIVERSITARIO,H,2,65001.54
ES,CUENCA,N,03 - UNIVERSITARIO,H,3,75181.59
ES,CUENCA,N,03 - UNIVERSITARIO,H,4,65186.4
ES,CUENCA,N,03 - UNIVERSITARIO,V,0,69382.14
ES,CUENCA,N,03 - UNIVERSITARIO,V,1,63779.49
ES,CUENCA,N,03 - UNIVERSITARIO,V,2,70067.7
ES,CUENCA,N,03 - UNIVERSITARIO,V,3,74178.3
ES,CUENCA,N,03 - UNIVERSITARIO,V,4,68359.83
ES,GIPUZKOA,N,01 - TOP,H,3,290679.69
ES,GIPUZKOA,N,02 - PARTICULARES,H,1,80599.14
ES,GIPUZKOA,N,02 - PARTICULARES,H,3,36262.53
ES,GIPUZKOA,N,02 - PARTICULARES,H,4,80599.14
ES,GIPUZKOA,N,02 - PARTICULARES,H,5,40653.75
ES,GIPUZKOA,N,02 - PARTICULARES,V,1,313385.07
ES,GIPUZKOA,N,02 - PARTICULARES,V,3,78266.04
ES,GIPUZKOA,N,02 - PARTICULARES,V,5,74153.28
ES,GIPUZKOA,N,03 - UNIVERSITARIO,H,0,106817.13
ES,GIPUZKOA,N,03 - UNIVERSITARIO,V,1,387346.17
ES,GIPUZKOA,N,03 - UNIVERSITARIO,V,3,120964.47
ES,GIRONA,N,01 - TOP,H,0,43677.81
ES,GIRONA,N,01 - TOP,H,3,59318.82
ES,GIRONA,N,01 - TOP,H,4,133742.16
ES,GIRONA,N,01 - TOP,H,5,185815.425
ES,GIRONA,N,01 - TOP,H,6,137233.53
ES,GIRONA,N,01 - TOP,V,3,52965.36
ES,GIRONA,N,01 - TOP,V,4,108070.65
ES,GIRONA,N,01 - TOP,V,5,123476.73
ES,GIRONA,N,01 - TOP,V,6,126061.47
ES,GIRONA,N,02 - PARTICULARES,H,0,96030.6
ES,GIRONA,N,02 - PARTICULARES,H,1,99547.905
ES,GIRONA,N,02 - PARTICULARES,H,2,92841.84
ES,GIRONA,N,02 - PARTICULARES,H,3,96622.11
ES,GIRONA,N,02 - PARTICULARES,H,4,108558.03
ES,GIRONA,N,02 - PARTICULARES,H,5,113000.28
ES,GIRONA,N,02 - PARTICULARES,H,6,124728.81
ES,GIRONA,N,02 - PARTICULARES,V,0,129639.84
ES,GIRONA,N,02 - PARTICULARES,V,1,105609.9
ES,GIRONA,N,02 - PARTICULARES,V,2,83405.76
ES,GIRONA,N,02 - PARTICULARES,V,3,94083.21
ES,GIRONA,N,02 - PARTICULARES,V,4,100582.38
ES,GIRONA,N,02 - PARTICULARES,V,5,100436.13
ES,GIRONA,N,02 - PARTICULARES,V,6,124163.49
ES,GIRONA,N,03 - UNIVERSITARIO,H,0,119234.1
ES,GIRONA,N,03 - UNIVERSITARIO,H,1,114005.34
ES,GIRONA,N,03 - UNIVERSITARIO,H,2,95042.4
ES,GIRONA,N,03 - UNIVERSITARIO,H,3,116175.87
ES,GIRONA,N,03 - UNIVERSITARIO,H,4,111728.46
ES,GIRONA,N,03 - UNIVERSITARIO,V,0,118433.37
ES,GIRONA,N,03 - UNIVERSITARIO,V,1,114643.53
ES,GIRONA,N,03 - UNIVERSITARIO,V,2,114016.17
ES,GIRONA,N,03 - UNIVERSITARIO,V,3,115810.05
ES,GIRONA,N,03 - UNIVERSITARIO,V,4,114543.87
ES,GIRONA,N,03 - UNIVERSITARIO,V,5,175894.11
ES,GRANADA,N,01 - TOP,H,0,145613.43
ES,GRANADA,N,01 - TOP,H,1,145613.43
ES,GRANADA,N,01 - TOP,H,2,114072.93
ES,GRANADA,N,01 - TOP,H,3,87022.05
ES,GRANADA,N,01 - TOP,H,4,98715.21
ES,GRANADA,N,01 - TOP,H,5,111628.83
ES,GRANADA,N,01 - TOP,H,6,119678.61
ES,GRANADA,N,01 - TOP,V,2,83817.06
ES,GRANADA,N,01 - TOP,V,3,98392.83
ES,GRANADA,N,01 - TOP,V,4,95570.49
ES,GRANADA,N,01 - TOP,V,5,91883.43
ES,GRANADA,N,01 - TOP,V,6,118832.37
ES,GRANADA,N,02 - PARTICULARES,H,0,89431.71
ES,GRANADA,N,02 - PARTICULARES,H,1,84175.68
ES,GRANADA,N,02 - PARTICULARES,H,2,81090.0
ES,GRANADA,N,02 - PARTICULARES,H,3,79550.4
ES,GRANADA,N,02 - PARTICULARES,H,4,87470.73
ES,GRANADA,N,02 - PARTICULARES,H,5,88291.74
ES,GRANADA,N,02 - PARTICULARES,H,6,97832.58
ES,GRANADA,N,02 - PARTICULARES,V,0,83187.09
ES,GRANADA,N,02 - PARTICULARES,V,1,75836.58
ES,GRANADA,N,02 - PARTICULARES,V,2,76590.69
ES,GRANADA,N,02 - PARTICULARES,V,3,76200.54
ES,GRANADA,N,02 - PARTICULARES,V,4,83578.08
ES,GRANADA,N,02 - PARTICULARES,V,5,84547.89
ES,GRANADA,N,02 - PARTICULARES,V,6,97306.56
ES,GRANADA,N,03 - UNIVERSITARIO,H,0,78893.52
ES,GRANADA,N,03 - UNIVERSITARIO,H,1,78945.42
ES,GRANADA,N,03 - UNIVERSITARIO,H,2,76526.7
ES,GRANADA,N,03 - UNIVERSITARIO,H,3,80389.35
ES,GRANADA,N,03 - UNIVERSITARIO,H,4,78790.41
ES,GRANADA,N,03 - UNIVERSITARIO,H,5,103179.855
ES,GRANADA,N,03 - UNIVERSITARIO,V,0,80427.66
ES,GRANADA,N,03 - UNIVERSITARIO,V,1,76943.07
ES,GRANADA,N,03 - UNIVERSITARIO,V,2,78782.22
ES,GRANADA,N,03 - UNIVERSITARIO,V,3,88611.12
ES,GRANADA,N,03 - UNIVERSITARIO,V,4,79648.41
ES,GRANADA,N,03 - UNIVERSITARIO,V,5,132875.07
ES,GRANADA,N,03 - UNIVERSITARIO,V,6,297599.58
ES,GUADALAJARA,F,02 - PARTICULARES,V,4,143443.98
ES,GUADALAJARA,N,01 - TOP,H,3,89153.55
ES,GUADALAJARA,N,01 - TOP,H,4,89131.92
ES,GUADALAJARA,N,01 - TOP,H,5,78356.16
ES,GUADALAJARA,N,01 - TOP,H,6,86137.8
ES,GUADALAJARA,N,01 - TOP,V,2,134211.84
ES,GUADALAJARA,N,01 - TOP,V,3,112791.87
ES,GUADALAJARA,N,01 - TOP,V,4,98802.84
ES,GUADALAJARA,N,01 - TOP,V,5,104176.98
ES,GUADALAJARA,N,01 - TOP,V,6,96086.13
ES,GUADALAJARA,N,02 - PARTICULARES,H,0,81797.61
ES,GUADALAJARA,N,02 - PARTICULARES,H,1,99134.25
ES,GUADALAJARA,N,02 - PARTICULARES,H,2,80130.48
ES,GUADALAJARA,N,02 - PARTICULARES,H,3,88059.0
ES,GUADALAJARA,N,02 - PARTICULARES,H,4,92480.4
ES,GUADALAJARA,N,02 - PARTICULARES,H,5,94630.77
ES,GUADALAJARA,N,02 - PARTICULARES,H,6,97988.97
ES,GUADALAJARA,N,02 - PARTICULARES,V,0,96859.41
ES,GUADALAJARA,N,02 - PARTICULARES,V,1,96820.47
ES,GUADALAJARA,N,02 - PARTICULARES,V,2,88482.195
ES,GUADALAJARA,N,02 - PARTICULARES,V,3,85095.24
ES,GUADALAJARA,N,02 - PARTICULARES,V,4,92049.06
ES,GUADALAJARA,N,02 - PARTICULARES,V,5,92976.48
ES,GUADALAJARA,N,02 - PARTICULARES,V,6,97988.97
ES,GUADALAJARA,N,03 - UNIVERSITARIO,H,0,86722.92
ES,GUADALAJARA,N,03 - UNIVERSITARIO,H,1,92566.56
ES,GUADALAJARA,N,03 - UNIVERSITARIO,H,2,92859.96
ES,GUADALAJARA,N,03 - UNIVERSITARIO,H,3,90869.04
ES,GUADALAJARA,N,03 - UNIVERSITARIO,H,4,92859.96
ES,GUADALAJARA,N,03 - UNIVERSITARIO,V,0,96306.63
ES,GUADALAJARA,N,03 - UNIVERSITARIO,V,1,95066.76
ES,GUADALAJARA,N,03 - UNIVERSITARIO,V,2,97132.98
ES,GUADALAJARA,N,03 - UNIVERSITARIO,V,3,89973.54
ES,GUADALAJARA,N,03 - UNIVERSITARIO,V,4,97266.81
ES,GUADALAJARA,N,03 - UNIVERSITARIO,V,5,115846.65
ES,HUELVA,N,01 - TOP,H,3,98500.56
ES,HUELVA,N,01 - TOP,H,4,107340.6
ES,HUELVA,N,01 - TOP,H,5,66906.24
ES,HUELVA,N,01 - TOP,H,6,79714.11
ES,HUELVA,N,01 - TOP,V,2,97772.55
ES,HUELVA,N,01 - TOP,V,3,109322.19
ES,HUELVA,N,01 - TOP,V,4,85039.02
ES,HUELVA,N,01 - TOP,V,5,77511.15
ES,HUELVA,N,01 - TOP,V,6,123884.01
ES,HUELVA,N,02 - PARTICULARES,H,0,69109.29
ES,HUELVA,N,02 - PARTICULARES,H,1,71878.92
ES,HUELVA,N,02 - PARTICULARES,H,2,65422.68
ES,HUELVA,N,02 - PARTICULARES,H,3,67059.72
ES,HUELVA,N,02 - PARTICULARES,H,4,72398.97
ES,HUELVA,N,02 - PARTICULARES,H,5,74986.53
ES,HUELVA,N,02 - PARTICULARES,H,6,77197.41
ES,HUELVA,N,02 - PARTICULARES,V,0,77128.95
ES,HUELVA,N,02 - PARTICULARES,V,1,60273.75
ES,HUELVA,N,02 - PARTICULARES,V,2,64196.37
ES,HUELVA,N,02 - PARTICULARES,V,3,66850.5
ES,HUELVA,N,02 - PARTICULARES,V,4,69791.82
ES,HUELVA,N,02 - PARTICULARES,V,5,75795.48
ES,HUELVA,N,02 - PARTICULARES,V,6,75213.15
ES,HUELVA,N,03 - UNIVERSITARIO,H,0,67877.46
ES,HUELVA,N,03 - UNIVERSITARIO,H,1,65638.53
ES,HUELVA,N,03 - UNIVERSITARIO,H,2,65992.35
ES,HUELVA,N,03 - UNIVERSITARIO,H,3,69678.21
ES,HUELVA,N,03 - UNIVERSITARIO,H,4,66013.59
ES,HUELVA,N,03 - UNIVERSITARIO,V,0,69750.45
ES,HUELVA,N,03 - UNIVERSITARIO,V,1,68903.37
ES,HUELVA,N,03 - UNIVERSITARIO,V,2,71376.9
ES,HUELVA,N,03 - UNIVERSITARIO,V,3,71437.59
ES,HUELVA,N,03 - UNIVERSITARIO,V,4,69339.99
ES,HUELVA,N,03 - UNIVERSITARIO,V,5,24331.62
ES,HUELVA,N,03 - UNIVERSITARIO,V,6,172807.26
ES,HUESCA,N,01 - TOP,H,3,113482.14
ES,HUESCA,N,01 - TOP,H,4,106714.05
ES,HUESCA,N,01 - TOP,H,5,166326.06
ES,HUESCA,N,01 - TOP,H,6,125227.41
ES,HUESCA,N,01 - TOP,V,3,54487.41
ES,HUESCA,N,01 - TOP,V,4,75310.41
ES,HUESCA,N,01 - TOP,V,5,75071.16
ES,HUESCA,N,01 - TOP,V,6,82052.64
ES,HUESCA,N,02 - PARTICULARES,H,0,77063.55
ES,HUESCA,N,02 - PARTICULARES,H,1,84981.6
ES,HUESCA,N,02 - PARTICULARES,H,2,67388.16
ES,HUESCA,N,02 - PARTICULARES,H,3,73870.41
ES,HUESCA,N,02 - PARTICULARES,H,4,73978.47
ES,HUESCA,N,02 - PARTICULARES,H,5,75873.03
ES,HUESCA,N,02 - PARTICULARES,H,6,84660.0
ES,HUESCA,N,02 - PARTICULARES,V,0,91558.02
ES,HUESCA,N,02 - PARTICULARES,V,1,60000.12
ES,HUESCA,N,02 - PARTICULARES,V,2,74533.62
ES,HUESCA,N,02 - PARTICULARES,V,3,76321.89
ES,HUESCA,N,02 - PARTICULARES,V,4,73721.04
ES,HUESCA,N,02 - PARTICULARES,V,5,76909.11
ES,HUESCA,N,02 - PARTICULARES,V,6,83405.28
ES,HUESCA,N,03 - UNIVERSITARIO,H,0,73117.44
ES,HUESCA,N,03 - UNIVERSITARIO,H,1,70725.48
ES,HUESCA,N,03 - UNIVERSITARIO,H,2,75835.62
ES,HUESCA,N,03 - UNIVERSITARIO,H,3,63812.73
ES,HUESCA,N,03 - UNIVERSITARIO,H,4,71116.59
ES,HUESCA,N,03 - UNIVERSITARIO,H,6,77462.61
ES,HUESCA,N,03 - UNIVERSITARIO,V,0,73795.68
ES,HUESCA,N,03 - UNIVERSITARIO,V,1,67832.46
ES,HUESCA,N,03 - UNIVERSITARIO,V,2,73777.8
ES,HUESCA,N,03 - UNIVERSITARIO,V,3,71984.52
ES,HUESCA,N,03 - UNIVERSITARIO,V,4,70818.0
ES,HUESCA,N,03 - UNIVERSITARIO,V,5,71026.185
ES,JAEN,N,01 - TOP,H,0,111477.39
ES,JAEN,N,01 - TOP,H,3,91577.67
ES,JAEN,N,01 - TOP,H,4,97835.85
ES,JAEN,N,01 - TOP,H,5,59703.39
ES,JAEN,N,01 - TOP,H,6,66031.65
ES,JAEN,N,01 - TOP,V,3,67508.94
ES,JAEN,N,01 - TOP,V,4,67187.07
ES,JAEN,N,01 - TOP,V,5,64946.04
ES,JAEN,N,01 - TOP,V,6,83513.16
ES,JAEN,N,02 - PARTICULARES,H,0,67464.825
ES,JAEN,N,02 - PARTICULARES,H,1,65540.79
ES,JAEN,N,02 - PARTICULARES,H,2,63305.1
ES,JAEN,N,02 - PARTICULARES,H,3,71140.59
ES,JAEN,N,02 - PARTICULARES,H,4,69795.66
ES,JAEN,N,02 - PARTICULARES,H,5,67653.45
ES,JAEN,N,02 - PARTICULARES,H,6,74600.52
ES,JAEN,N,02 - PARTICULARES,V,0,65032.08
ES,JAEN,N,02 - PARTICULARES,V,1,64469.7
ES,JAEN,N,02 - PARTICULARES,V,2,68350.29
ES,JAEN,N,02 - PARTICULARES,V,3,60579.99
ES,JAEN,N,02 - PARTICULARES,V,4,69382.38
ES,JAEN,N,02 - PARTICULARES,V,5,75054.48
ES,JAEN,N,02 - PARTICULARES,V,6,74606.19
ES,JAEN,N,03 - UNIVERSITARIO,H,0,63209.58
ES,JAEN,N,03 - UNIVERSITARIO,H,1,62729.61
ES,JAEN,N,03 - UNIVERSITARIO,H,2,62566.68
ES,JAEN,N,03 - UNIVERSITARIO,H,3,67750.89
ES,JAEN,N,03 - UNIVERSITARIO,H,4,63990.78
ES,JAEN,N,03 - UNIVERSITARIO,V,0,73288.74
ES,JAEN,N,03 - UNIVERSITARIO,V,1,63797.34
ES,JAEN,N,03 - UNIVERSITARIO,V,2,67591.26
ES,JAEN,N,03 - UNIVERSITARIO,V,3,63736.65
ES,JAEN,N,03 - UNIVERSITARIO,V,4,66054.45
ES,JAEN,N,03 - UNIVERSITARIO,V,5,62869.11
ES,LEON,F,02 - PARTICULARES,H,4,51684.24
ES,LEON,F,02 - PARTICULARES,H,5,51684.24
ES,LEON,N,01 - TOP,H,2,56188.89
ES,LEON,N,01 - TOP,H,3,126375.06
ES,LEON,N,01 - TOP,H,4,90850.23
ES,LEON,N,01 - TOP,H,5,105375.18
ES,LEON,N,01 - TOP,H,6,102626.55
ES,LEON,N,01 - TOP,V,0,287449.56
ES,LEON,N,01 - TOP,V,1,79066.35
ES,LEON,N,01 - TOP,V,2,64553.58
ES,LEON,N,01 - TOP,V,3,110917.89
ES,LEON,N,01 - TOP,V,4,111273.03
ES,LEON,N,01 - TOP,V,5,111329.25
ES,LEON,N,01 - TOP,V,6,106556.28
ES,LEON,N,02 - PARTICULARES,H,0,90080.25
ES,LEON,N,02 - PARTICULARES,H,1,72316.83
ES,LEON,N,02 - PARTICULARES,H,2,75628.2
ES,LEON,N,02 - PARTICULARES,H,3,73112.82
ES,LEON,N,02 - PARTICULARES,H,4,84667.14
ES,LEON,N,02 - PARTICULARES,H,5,88430.19
ES,LEON,N,02 - PARTICULARES,H,6,95338.26
ES,LEON,N,02 - PARTICULARES,V,0,72106.35
ES,LEON,N,02 - PARTICULARES,V,1,71670.96
ES,LEON,N,02 - PARTICULARES,V,2,69922.71
ES,LEON,N,02 - PARTICULARES,V,3,76930.23
ES,LEON,N,02 - PARTICULARES,V,4,82033.44
ES,LEON,N,02 - PARTICULARES,V,5,85707.03
ES,LEON,N,02 - PARTICULARES,V,6,95033.64
ES,LEON,N,03 - UNIVERSITARIO,H,0,71910.12
ES,LEON,N,03 - UNIVERSITARIO,H,1,70207.41
ES,LEON,N,03 - UNIVERSITARIO,H,2,65856.6
ES,LEON,N,03 - UNIVERSITARIO,H,3,73528.02
ES,LEON,N,03 - UNIVERSITARIO,H,4,71575.89
ES,LEON,N,03 - UNIVERSITARIO,H,5,130328.07
ES,LEON,N,03 - UNIVERSITARIO,V,0,70399.29
ES,LEON,N,03 - UNIVERSITARIO,V,1,71296.65
ES,LEON,N,03 - UNIVERSITARIO,V,2,75580.14
ES,LEON,N,03 - UNIVERSITARIO,V,3,96002.52
ES,LEON,N,03 - UNIVERSITARIO,V,4,73638.42
ES,LEON,N,03 - UNIVERSITARIO,V,5,73122.15
ES,LERIDA,N,01 - TOP,H,3,76082.58
ES,LERIDA,N,01 - TOP,H,4,67586.07
ES,LERIDA,N,01 - TOP,H,5,67586.07
ES,LERIDA,N,01 - TOP,H,6,129577.5
ES,LERIDA,N,01 - TOP,V,3,75123.12
ES,LERIDA,N,01 - TOP,V,4,62430.315
ES,LERIDA,N,01 - TOP,V,5,59754.39
ES,LERIDA,N,01 - TOP,V,6,89608.77
ES,LERIDA,N,02 - PARTICULARES,H,0,47747.28
ES,LERIDA,N,02 - PARTICULARES,H,1,63243.54
ES,LERIDA,N,02 - PARTICULARES,H,2,49067.85
ES,LERIDA,N,02 - PARTICULARES,H,3,51834.12
ES,LERIDA,N,02 - PARTICULARES,H,4,65653.83
ES,LERIDA,N,02 - PARTICULARES,H,5,69426.18
ES,LERIDA,N,02 - PARTICULARES,H,6,73095.99
ES,LERIDA,N,02 - PARTICULARES,V,0,55557.39
ES,LERIDA,N,02 - PARTICULARES,V,1,58757.295
ES,LERIDA,N,02 - PARTICULARES,V,2,62654.04
ES,LERIDA,N,02 - PARTICULARES,V,3,59469.21
ES,LERIDA,N,02 - PARTICULARES,V,4,61633.23
ES,LERIDA,N,02 - PARTICULARES,V,5,61279.14
ES,LERIDA,N,02 - PARTICULARES,V,6,75459.57
ES,LERIDA,N,03 - UNIVERSITARIO,H,0,64490.04
ES,LERIDA,N,03 - UNIVERSITARIO,H,1,63610.14
ES,LERIDA,N,03 - UNIVERSITARIO,H,2,57819.45
ES,LERIDA,N,03 - UNIVERSITARIO,H,3,44038.98
ES,LERIDA,N,03 - UNIVERSITARIO,H,4,63355.41
ES,LERIDA,N,03 - UNIVERSITARIO,V,0,68530.26
ES,LERIDA,N,03 - UNIVERSITARIO,V,1,70031.34
ES,LERIDA,N,03 - UNIVERSITARIO,V,2,57023.91
ES,LERIDA,N,03 - UNIVERSITARIO,V,3,54927.45
ES,LERIDA,N,03 - UNIVERSITARIO,V,4,68613.24
ES,LERIDA,N,03 - UNIVERSITARIO,V,5,48315.69
ES,LUGO,N,01 - TOP,H,3,51077.19
ES,LUGO,N,01 - TOP,H,4,58818.15
ES,LUGO,N,01 - TOP,H,5,58818.15
ES,LUGO,N,01 - TOP,H,6,54137.76
ES,LUGO,N,01 - TOP,V,3,74601.75
ES,LUGO,N,01 - TOP,V,4,73411.59
ES,LUGO,N,01 - TOP,V,5,72693.36
ES,LUGO,N,01 - TOP,V,6,196901.79
ES,LUGO,N,02 - PARTICULARES,H,0,51296.94
ES,LUGO,N,02 - PARTICULARES,H,1,68981.61
ES,LUGO,N,02 - PARTICULARES,H,2,46498.98
ES,LUGO,N,02 - PARTICULARES,H,3,65289.87
ES,LUGO,N,02 - PARTICULARES,H,4,66475.32
ES,LUGO,N,02 - PARTICULARES,H,5,64475.7
ES,LUGO,N,02 - PARTICULARES,H,6,65892.12
ES,LUGO,N,02 - PARTICULARES,V,0,65028.81
ES,LUGO,N,02 - PARTICULARES,V,1,64454.46
ES,LUGO,N,02 - PARTICULARES,V,2,55254.39
ES,LUGO,N,02 - PARTICULARES,V,3,61153.68
ES,LUGO,N,02 - PARTICULARES,V,4,64188.75
ES,LUGO,N,02 - PARTICULARES,V,5,61457.31
ES,LUGO,N,02 - PARTICULARES,V,6,65436.18
ES,LUGO,N,03 - UNIVERSITARIO,H,0,66146.61
ES,LUGO,N,03 - UNIVERSITARIO,H,1,64013.13
ES,LUGO,N,03 - UNIVERSITARIO,H,2,59134.65
ES,LUGO,N,03 - UNIVERSITARIO,H,3,59972.31
ES,LUGO,N,03 - UNIVERSITARIO,H,4,64645.92
ES,LUGO,N,03 - UNIVERSITARIO,V,0,64874.07
ES,LUGO,N,03 - UNIVERSITARIO,V,1,63777.0
ES,LUGO,N,03 - UNIVERSITARIO,V,2,65592.03
ES,LUGO,N,03 - UNIVERSITARIO,V,3,64387.8
ES,LUGO,N,03 - UNIVERSITARIO,V,4,64858.44
ES,MADRID,A,01 - TOP,H,4,141217.65
ES,MADRID,A,01 - TOP,H,5,288597.27
ES,MADRID,A,01 - TOP,V,4,179785.68
ES,MADRID,A,01 - TOP,V,5,216013.5
ES,MADRID,A,01 - TOP,V,6,175450.05
ES,MADRID,A,02 - PARTICULARES,H,3,162569.94
ES,MADRID,A,02 - PARTICULARES,H,4,143440.53
ES,MADRID,A,02 - PARTICULARES,H,5,147330.12
ES,MADRID,A,02 - PARTICULARES,H,6,71075.28
ES,MADRID,A,02 - PARTICULARES,V,3,154738.29
ES,MADRID,A,02 - PARTICULARES,V,4,134720.16
ES,MADRID,A,02 - PARTICULARES,V,5,245889.015
ES,MADRID,A,02 - PARTICULARES,V,6,71461.2
ES,MADRID,B,01 - TOP,H,3,335290.11
ES,MADRID,B,01 - TOP,H,4,171595.56
ES,MADRID,B,01 - TOP,H,5,241636.41
ES,MADRID,B,01 - TOP,H,6,444287.28
ES,MADRID,B,01 - TOP,V,4,200962.35
ES,MADRID,B,01 - TOP,V,5,305260.56
ES,MADRID,B,01 - TOP,V,6,231279.765
ES,MADRID,B,02 - PARTICULARES,H,3,99711.165
ES,MADRID,B,02 - PARTICULARES,H,4,167791.32
ES,MADRID,B,02 - PARTICULARES,H,5,239019.96
ES,MADRID,B,02 - PARTICULARES,H,6,380140.305
ES,MADRID,B,02 - PARTICULARES,V,4,157929.66
ES,MADRID,B,02 - PARTICULARES,V,5,202125.27
ES,MADRID,B,02 - PARTICULARES,V,6,212136.9
ES,MADRID,F,01 - TOP,H,4,143215.29
ES,MADRID,F,01 - TOP,H,5,176645.28
ES,MADRID,F,01 - TOP,H,6,430477.41
ES,MADRID,F,01 - TOP,V,4,168714.36
ES,MADRID,F,01 - TOP,V,5,191298.66
ES,MADRID,F,01 - TOP,V,6,319263.51
ES,MADRID,F,02 - PARTICULARES,H,4,140022.39
ES,MADRID,F,02 - PARTICULARES,H,5,183599.4
ES,MADRID,F,02 - PARTICULARES,H,6,94412.88
ES,MADRID,F,02 - PARTICULARES,V,3,97674.18
ES,MADRID,F,02 - PARTICULARES,V,4,155616.3
ES,MADRID,F,02 - PARTICULARES,V,5,182684.28
ES,MADRID,F,02 - PARTICULARES,V,6,224813.61
ES,MADRID,N,01 - TOP,H,0,211274.49
ES,MADRID,N,01 - TOP,H,1,211274.49
ES,MADRID,N,01 - TOP,H,2,203552.22
ES,MADRID,N,01 - TOP,H,3,151913.7
ES,MADRID,N,01 - TOP,H,4,163020.99
ES,MADRID,N,01 - TOP,H,5,172852.62
ES,MADRID,N,01 - TOP,H,6,163302.18
ES,MADRID,N,01 - TOP,V,0,127400.58
ES,MADRID,N,01 - TOP,V,1,144841.68
ES,MADRID,N,01 - TOP,V,2,132882.09
ES,MADRID,N,01 - TOP,V,3,146277.24
ES,MADRID,N,01 - TOP,V,4,158173.44
ES,MADRID,N,01 - TOP,V,5,163604.1
ES,MADRID,N,01 - TOP,V,6,171839.355
ES,MADRID,N,02 - PARTICULARES,H,0,142544.67
ES,MADRID,N,02 - PARTICULARES,H,1,144232.11
ES,MADRID,N,02 - PARTICULARES,H,2,122261.79
ES,MADRID,N,02 - PARTICULARES,H,3,119946.33
ES,MADRID,N,02 - PARTICULARES,H,4,135757.335
ES,MADRID,N,02 - PARTICULARES,H,5,148247.76
ES,MADRID,N,02 - PARTICULARES,H,6,148511.28
ES,MADRID,N,02 - PARTICULARES,NA,4,239719.71
ES,MADRID,N,02 - PARTICULARES,NA,6,89991.42
ES,MADRID,N,02 - PARTICULARES,V,0,146310.33
ES,MADRID,N,02 - PARTICULARES,V,1,144592.77
ES,MADRID,N,02 - PARTICULARES,V,2,116519.07
ES,MADRID,N,02 - PARTICULARES,V,3,119682.09
ES,MADRID,N,02 - PARTICULARES,V,4,133422.75
ES,MADRID,N,02 - PARTICULARES,V,5,145012.59
ES,MADRID,N,02 - PARTICULARES,V,6,151079.82
ES,MADRID,N,03 - UNIVERSITARIO,H,0,141169.74
ES,MADRID,N,03 - UNIVERSITARIO,H,1,135535.11
ES,MADRID,N,03 - UNIVERSITARIO,H,2,127787.64
ES,MADRID,N,03 - UNIVERSITARIO,H,3,126343.77
ES,MADRID,N,03 - UNIVERSITARIO,H,4,141050.25
ES,MADRID,N,03 - UNIVERSITARIO,H,5,154915.92
ES,MADRID,N,03 - UNIVERSITARIO,H,6,260824.35
ES,MADRID,N,03 - UNIVERSITARIO,V,0,149586.27
ES,MADRID,N,03 - UNIVERSITARIO,V,1,146628.48
ES,MADRID,N,03 - UNIVERSITARIO,V,2,133996.83
ES,MADRID,N,03 - UNIVERSITARIO,V,3,130214.07
ES,MADRID,N,03 - UNIVERSITARIO,V,4,148955.4
ES,MADRID,N,03 - UNIVERSITARIO,V,5,155813.46
ES,MADRID,N,03 - UNIVERSITARIO,V,6,198087.165
ES,MADRID,S,01 - TOP,H,3,87798.24
ES,MADRID,S,02 - PARTICULARES,H,3,87798.24
ES,MADRID,S,02 - PARTICULARES,H,4,87798.24
ES,MALAGA,N,01 - TOP,H,0,159352.86
ES,MALAGA,N,01 - TOP,H,1,113914.89
ES,MALAGA,N,01 - TOP,H,3,83386.08
ES,MALAGA,N,01 - TOP,H,4,108550.59
ES,MALAGA,N,01 - TOP,H,5,97425.87
ES,MALAGA,N,01 - TOP,H,6,110761.53
ES,MALAGA,N,01 - TOP,V,0,101176.5
ES,MALAGA,N,01 - TOP,V,2,490267.98
ES,MALAGA,N,01 - TOP,V,3,97301.865
ES,MALAGA,N,01 - TOP,V,4,120231.075
ES,MALAGA,N,01 - TOP,V,5,117993.48
ES,MALAGA,N,01 - TOP,V,6,124424.76
ES,MALAGA,N,02 - PARTICULARES,H,0,89649.27
ES,MALAGA,N,02 - PARTICULARES,H,1,103655.34
ES,MALAGA,N,02 - PARTICULARES,H,2,79462.44
ES,MALAGA,N,02 - PARTICULARES,H,3,85466.73
ES,MALAGA,N,02 - PARTICULARES,H,4,96033.21
ES,MALAGA,N,02 - PARTICULARES,H,5,107288.94
ES,MALAGA,N,02 - PARTICULARES,H,6,101804.64
ES,MALAGA,N,02 - PARTICULARES,V,0,85451.37
ES,MALAGA,N,02 - PARTICULARES,V,1,89280.18
ES,MALAGA,N,02 - PARTICULARES,V,2,77247.09
ES,MALAGA,N,02 - PARTICULARES,V,3,84316.02
ES,MALAGA,N,02 - PARTICULARES,V,4,96078.42
ES,MALAGA,N,02 - PARTICULARES,V,5,102801.78
ES,MALAGA,N,02 - PARTICULARES,V,6,110463.27
ES,MALAGA,N,03 - UNIVERSITARIO,H,0,94164.03
ES,MALAGA,N,03 - UNIVERSITARIO,H,1,91095.945
ES,MALAGA,N,03 - UNIVERSITARIO,H,2,82084.77
ES,MALAGA,N,03 - UNIVERSITARIO,H,3,85525.62
ES,MALAGA,N,03 - UNIVERSITARIO,H,4,89886.09
ES,MALAGA,N,03 - UNIVERSITARIO,H,5,85363.35
ES,MALAGA,N,03 - UNIVERSITARIO,V,0,99603.06
ES,MALAGA,N,03 - UNIVERSITARIO,V,1,95922.06
ES,MALAGA,N,03 - UNIVERSITARIO,V,2,84893.1
ES,MALAGA,N,03 - UNIVERSITARIO,V,3,90607.77
ES,MALAGA,N,03 - UNIVERSITARIO,V,4,95936.64
ES,MALAGA,N,03 - UNIVERSITARIO,V,5,142747.47
ES,MALAGA,N,03 - UNIVERSITARIO,V,6,104330.085
ES,MELILLA,N,01 - TOP,H,3,81682.26
ES,MELILLA,N,01 - TOP,H,4,97225.2
ES,MELILLA,N,01 - TOP,H,5,97225.2
ES,MELILLA,N,01 - TOP,H,6,161566.53
ES,MELILLA,N,01 - TOP,V,3,90323.31
ES,MELILLA,N,01 - TOP,V,4,112796.04
ES,MELILLA,N,01 - TOP,V,5,99608.97
ES,MELILLA,N,01 - TOP,V,6,143364.75
ES,MELILLA,N,02 - PARTICULARES,H,0,91595.43
ES,MELILLA,N,02 - PARTICULARES,H,1,132538.92
ES,MELILLA,N,02 - PARTICULARES,H,2,152444.835
ES,MELILLA,N,02 - PARTICULARES,H,3,116037.18
ES,MELILLA,N,02 - PARTICULARES,H,4,119536.35
ES,MELILLA,N,02 - PARTICULARES,H,5,153799.2
ES,MELILLA,N,02 - PARTICULARES,H,6,135936.24
ES,MELILLA,N,02 - PARTICULARES,V,0,97997.97
ES,MELILLA,N,02 - PARTICULARES,V,1,116510.79
ES,MELILLA,N,02 - PARTICULARES,V,2,108467.07
ES,MELILLA,N,02 - PARTICULARES,V,3,116469.78
ES,MELILLA,N,02 - PARTICULARES,V,4,114619.41
ES,MELILLA,N,02 - PARTICULARES,V,5,121031.58
ES,MELILLA,N,02 - PARTICULARES,V,6,116142.66
ES,MELILLA,N,03 - UNIVERSITARIO,H,0,113465.34
ES,MELILLA,N,03 - UNIVERSITARIO,H,1,115963.44
ES,MELILLA,N,03 - UNIVERSITARIO,H,2,97662.21
ES,MELILLA,N,03 - UNIVERSITARIO,H,3,108762.84
ES,MELILLA,N,03 - UNIVERSITARIO,H,4,108762.84
ES,MELILLA,N,03 - UNIVERSITARIO,V,0,121031.58
ES,MELILLA,N,03 - UNIVERSITARIO,V,1,116956.11
ES,MELILLA,N,03 - UNIVERSITARIO,V,2,122465.43
ES,MELILLA,N,03 - UNIVERSITARIO,V,3,171071.1
ES,MELILLA,N,03 - UNIVERSITARIO,V,4,121031.58
ES,MURCIA,N,01 - TOP,H,0,87059.91
ES,MURCIA,N,01 - TOP,H,1,87059.91
ES,MURCIA,N,01 - TOP,H,3,71778.51
ES,MURCIA,N,01 - TOP,H,4,71778.51
ES,MURCIA,N,01 - TOP,H,5,101007.06
ES,MURCIA,N,01 - TOP,H,6,68015.1
ES,MURCIA,N,01 - TOP,V,0,118692.75
ES,MURCIA,N,01 - TOP,V,3,86667.09
ES,MURCIA,N,01 - TOP,V,4,78697.62
ES,MURCIA,N,01 - TOP,V,5,87555.3
ES,MURCIA,N,01 - TOP,V,6,86203.2
ES,MURCIA,N,02 - PARTICULARES,H,0,76368.33
ES,MURCIA,N,02 - PARTICULARES,H,1,67371.51
ES,MURCIA,N,02 - PARTICULARES,H,2,61369.11
ES,MURCIA,N,02 - PARTICULARES,H,3,64109.475
ES,MURCIA,N,02 - PARTICULARES,H,4,70102.83
ES,MURCIA,N,02 - PARTICULARES,H,5,71739.75
ES,MURCIA,N,02 - PARTICULARES,H,6,75650.43
ES,MURCIA,N,02 - PARTICULARES,V,0,62381.01
ES,MURCIA,N,02 - PARTICULARES,V,1,64337.16
ES,MURCIA,N,02 - PARTICULARES,V,2,62253.63
ES,MURCIA,N,02 - PARTICULARES,V,3,65411.475
ES,MURCIA,N,02 - PARTICULARES,V,4,69816.24
ES,MURCIA,N,02 - PARTICULARES,V,5,74577.57
ES,MURCIA,N,02 - PARTICULARES,V,6,77133.24
ES,MURCIA,N,03 - UNIVERSITARIO,H,0,67071.84
ES,MURCIA,N,03 - UNIVERSITARIO,H,1,65732.31
ES,MURCIA,N,03 - UNIVERSITARIO,H,2,66615.78
ES,MURCIA,N,03 - UNIVERSITARIO,H,3,62673.0
ES,MURCIA,N,03 - UNIVERSITARIO,H,4,66077.73
ES,MURCIA,N,03 - UNIVERSITARIO,H,6,58404.27
ES,MURCIA,N,03 - UNIVERSITARIO,V,0,66786.18
ES,MURCIA,N,03 - UNIVERSITARIO,V,1,67386.39
ES,MURCIA,N,03 - UNIVERSITARIO,V,2,68083.5
ES,MURCIA,N,03 - UNIVERSITARIO,V,3,68952.66
ES,MURCIA,N,03 - UNIVERSITARIO,V,4,67386.39
ES,MURCIA,N,03 - UNIVERSITARIO,V,5,76684.65
ES,NAVARRA,N,02 - PARTICULARES,H,3,77641.98
ES,NAVARRA,N,02 - PARTICULARES,H,4,96147.9
ES,NAVARRA,N,02 - PARTICULARES,H,5,52428.9
ES,NAVARRA,N,02 - PARTICULARES,H,6,55866.12
ES,NAVARRA,N,02 - PARTICULARES,V,2,135351.66
ES,NAVARRA,N,02 - PARTICULARES,V,3,79257.69
ES,NAVARRA,N,02 - PARTICULARES,V,4,81614.1
ES,NAVARRA,N,03 - UNIVERSITARIO,H,0,70624.575
ES,NAVARRA,N,03 - UNIVERSITARIO,H,1,47413.02
ES,NAVARRA,N,03 - UNIVERSITARIO,H,2,105102.33
ES,NAVARRA,N,03 - UNIVERSITARIO,H,3,47119.77
ES,NAVARRA,N,03 - UNIVERSITARIO,H,4,70624.575
ES,OURENSE,N,01 - TOP,H,3,89596.89
ES,OURENSE,N,01 - TOP,H,4,132140.88
ES,OURENSE,N,01 - TOP,H,5,66600.57
ES,OURENSE,N,01 - TOP,H,6,97563.36
ES,OURENSE,N,01 - TOP,V,3,82057.5
ES,OURENSE,N,01 - TOP,V,4,82057.5
ES,OURENSE,N,01 - TOP,V,5,104929.35
ES,OURENSE,N,01 - TOP,V,6,91695.66
ES,OURENSE,N,02 - PARTICULARES,H,0,69043.05
ES,OURENSE,N,02 - PARTICULARES,H,1,83817.12
ES,OURENSE,N,02 - PARTICULARES,H,2,64605.42
ES,OURENSE,N,02 - PARTICULARES,H,3,74688.81
ES,OURENSE,N,02 - PARTICULARES,H,4,81157.05
ES,OURENSE,N,02 - PARTICULARES,H,5,84986.43
ES,OURENSE,N,02 - PARTICULARES,H,6,81116.13
ES,OURENSE,N,02 - PARTICULARES,V,0,91903.14
ES,OURENSE,N,02 - PARTICULARES,V,1,85623.03
ES,OURENSE,N,02 - PARTICULARES,V,2,78279.15
ES,OURENSE,N,02 - PARTICULARES,V,3,74115.3
ES,OURENSE,N,02 - PARTICULARES,V,4,82536.57
ES,OURENSE,N,02 - PARTICULARES,V,5,85606.53
ES,OURENSE,N,02 - PARTICULARES,V,6,86648.82
ES,OURENSE,N,03 - UNIVERSITARIO,H,0,76325.22
ES,OURENSE,N,03 - UNIVERSITARIO,H,1,76577.16
ES,OURENSE,N,03 - UNIVERSITARIO,H,2,78465.03
ES,OURENSE,N,03 - UNIVERSITARIO,H,3,71108.61
ES,OURENSE,N,03 - UNIVERSITARIO,H,4,76964.94
ES,OURENSE,N,03 - UNIVERSITARIO,H,5,51893.04
ES,OURENSE,N,03 - UNIVERSITARIO,V,0,79518.54
ES,OURENSE,N,03 - UNIVERSITARIO,V,1,78345.03
ES,OURENSE,N,03 - UNIVERSITARIO,V,2,79896.09
ES,OURENSE,N,03 - UNIVERSITARIO,V,3,87356.67
ES,OURENSE,N,03 - UNIVERSITARIO,V,4,79413.96
ES,PALENCIA,N,01 - TOP,H,3,68119.17
ES,PALENCIA,N,01 - TOP,H,4,108066.21
ES,PALENCIA,N,01 - TOP,H,5,103742.34
ES,PALENCIA,N,01 - TOP,H,6,105569.85
ES,PALENCIA,N,01 - TOP,V,2,138532.2
ES,PALENCIA,N,01 - TOP,V,3,95139.84
ES,PALENCIA,N,01 - TOP,V,4,91230.63
ES,PALENCIA,N,01 - TOP,V,5,84623.55
ES,PALENCIA,N,01 - TOP,V,6,94888.32
ES,PALENCIA,N,02 - PARTICULARES,H,0,89574.84
ES,PALENCIA,N,02 - PARTICULARES,H,1,60907.5
ES,PALENCIA,N,02 - PARTICULARES,H,2,96434.55
ES,PALENCIA,N,02 - PARTICULARES,H,3,85197.93
ES,PALENCIA,N,02 - PARTICULARES,H,4,90252.0
ES,PALENCIA,N,02 - PARTICULARES,H,5,96458.58
ES,PALENCIA,N,02 - PARTICULARES,H,6,91230.63
ES,PALENCIA,N,02 - PARTICULARES,V,0,101587.05
ES,PALENCIA,N,02 - PARTICULARES,V,1,88711.53
ES,PALENCIA,N,02 - PARTICULARES,V,2,105688.92
ES,PALENCIA,N,02 - PARTICULARES,V,3,84685.29
ES,PALENCIA,N,02 - PARTICULARES,V,4,88696.47
ES,PALENCIA,N,02 - PARTICULARES,V,5,88648.65
ES,PALENCIA,N,02 - PARTICULARES,V,6,99323.64
ES,PALENCIA,N,03 - UNIVERSITARIO,H,0,86593.08
ES,PALENCIA,N,03 - UNIVERSITARIO,H,1,82774.2
ES,PALENCIA,N,03 - UNIVERSITARIO,H,2,80944.41
ES,PALENCIA,N,03 - UNIVERSITARIO,H,3,88955.7
ES,PALENCIA,N,03 - UNIVERSITARIO,H,4,85238.37
ES,PALENCIA,N,03 - UNIVERSITARIO,V,0,86495.7
ES,PALENCIA,N,03 - UNIVERSITARIO,V,1,83347.38
ES,PALENCIA,N,03 - UNIVERSITARIO,V,2,80516.43
ES,PALENCIA,N,03 - UNIVERSITARIO,V,3,84425.19
ES,PALENCIA,N,03 - UNIVERSITARIO,V,4,83783.82
ES,PALENCIA,N,03 - UNIVERSITARIO,V,5,82384.71
ES,"PALMAS, LAS",B,02 - PARTICULARES,V,4,167642.25
ES,"PALMAS, LAS",B,02 - PARTICULARES,V,5,130903.68
ES,"PALMAS, LAS",N,01 - TOP,H,3,88834.83
ES,"PALMAS, LAS",N,01 - TOP,H,4,94217.25
ES,"PALMAS, LAS",N,01 - TOP,H,5,94217.25
ES,"PALMAS, LAS",N,01 - TOP,H,6,127927.56
ES,"PALMAS, LAS",N,01 - TOP,V,3,116157.9
ES,"PALMAS, LAS",N,01 - TOP,V,4,105715.53
ES,"PALMAS, LAS",N,01 - TOP,V,5,106774.8
ES,"PALMAS, LAS",N,01 - TOP,V,6,116324.85
ES,"PALMAS, LAS",N,02 - PARTICULARES,H,0,74030.67
ES,"PALMAS, LAS",N,02 - PARTICULARES,H,1,84385.26
ES,"PALMAS, LAS",N,02 - PARTICULARES,H,2,68242.26
ES,"PALMAS, LAS",N,02 - PARTICULARES,H,3,77635.38
ES,"PALMAS, LAS",N,02 - PARTICULARES,H,4,81382.17
ES,"PALMAS, LAS",N,02 - PARTICULARES,H,5,84181.8
ES,"PALMAS, LAS",N,02 - PARTICULARES,H,6,93654.99
ES,"PALMAS, LAS",N,02 - PARTICULARES,V,0,66033.06
ES,"PALMAS, LAS",N,02 - PARTICULARES,V,1,75858.63
ES,"PALMAS, LAS",N,02 - PARTICULARES,V,2,67020.06
ES,"PALMAS, LAS",N,02 - PARTICULARES,V,3,78924.42
ES,"PALMAS, LAS",N,02 - PARTICULARES,V,4,81034.02
ES,"PALMAS, LAS",N,02 - PARTICULARES,V,5,81831.51
ES,"PALMAS, LAS",N,02 - PARTICULARES,V,6,94511.97
ES,"PALMAS, LAS",N,03 - UNIVERSITARIO,H,0,75831.96
ES,"PALMAS, LAS",N,03 - UNIVERSITARIO,H,1,76269.78
ES,"PALMAS, LAS",N,03 - UNIVERSITARIO,H,2,76328.07
ES,"PALMAS, LAS",N,03 - UNIVERSITARIO,H,3,83599.23
ES,"PALMAS, LAS",N,03 - UNIVERSITARIO,H,4,76228.98
ES,"PALMAS, LAS",N,03 - UNIVERSITARIO,V,0,81106.2
ES,"PALMAS, LAS",N,03 - UNIVERSITARIO,V,1,84168.27
ES,"PALMAS, LAS",N,03 - UNIVERSITARIO,V,2,84949.77
ES,"PALMAS, LAS",N,03 - UNIVERSITARIO,V,3,84579.36
ES,"PALMAS, LAS",N,03 - UNIVERSITARIO,V,4,84357.93
ES,"PALMAS, LAS",N,03 - UNIVERSITARIO,V,5,162024.3
ES,PONTEVEDRA,N,01 - TOP,H,3,96055.62
ES,PONTEVEDRA,N,01 - TOP,H,4,108685.2
ES,PONTEVEDRA,N,01 - TOP,H,5,106823.64
ES,PONTEVEDRA,N,01 - TOP,H,6,120937.98
ES,PONTEVEDRA,N,01 - TOP,V,1,73719.99
ES,PONTEVEDRA,N,01 - TOP,V,2,98123.25
ES,PONTEVEDRA,N,01 - TOP,V,3,86517.24
ES,PONTEVEDRA,N,01 - TOP,V,4,106934.61
ES,PONTEVEDRA,N,01 - TOP,V,5,108377.1
ES,PONTEVEDRA,N,01 - TOP,V,6,120321.39
ES,PONTEVEDRA,N,02 - PARTICULARES,H,0,91294.56
ES,PONTEVEDRA,N,02 - PARTICULARES,H,1,91886.31
ES,PONTEVEDRA,N,02 - PARTICULARES,H,2,74720.79
ES,PONTEVEDRA,N,02 - PARTICULARES,H,3,93864.96
ES,PONTEVEDRA,N,02 - PARTICULARES,H,4,96640.38
ES,PONTEVEDRA,N,02 - PARTICULARES,H,5,102385.23
ES,PONTEVEDRA,N,02 - PARTICULARES,H,6,101377.32
ES,PONTEVEDRA,N,02 - PARTICULARES,V,0,90437.91
ES,PONTEVEDRA,N,02 - PARTICULARES,V,1,99433.8
ES,PONTEVEDRA,N,02 - PARTICULARES,V,2,84938.88
ES,PONTEVEDRA,N,02 - PARTICULARES,V,3,93805.56
ES,PONTEVEDRA,N,02 - PARTICULARES,V,4,98375.97
ES,PONTEVEDRA,N,02 - PARTICULARES,V,5,99445.23
ES,PONTEVEDRA,N,02 - PARTICULARES,V,6,107805.78
ES,PONTEVEDRA,N,03 - UNIVERSITARIO,H,0,97711.65
ES,PONTEVEDRA,N,03 - UNIVERSITARIO,H,1,96583.56
ES,PONTEVEDRA,N,03 - UNIVERSITARIO,H,2,98141.85
ES,PONTEVEDRA,N,03 - UNIVERSITARIO,H,3,93437.31
ES,PONTEVEDRA,N,03 - UNIVERSITARIO,H,4,97481.01
ES,PONTEVEDRA,N,03 - UNIVERSITARIO,H,5,181357.89
ES,PONTEVEDRA,N,03 - UNIVERSITARIO,V,0,97132.47
ES,PONTEVEDRA,N,03 - UNIVERSITARIO,V,1,98971.17
ES,PONTEVEDRA,N,03 - UNIVERSITARIO,V,2,99966.93
ES,PONTEVEDRA,N,03 - UNIVERSITARIO,V,3,96578.1
ES,PONTEVEDRA,N,03 - UNIVERSITARIO,V,4,98288.01
ES,PONTEVEDRA,N,03 - UNIVERSITARIO,V,5,96781.74
ES,"RIOJA, LA",N,01 - TOP,H,2,108605.61
ES,"RIOJA, LA",N,01 - TOP,H,3,79657.815
ES,"RIOJA, LA",N,01 - TOP,H,4,100058.16
ES,"RIOJA, LA",N,01 - TOP,H,5,79401.45
ES,"RIOJA, LA",N,01 - TOP,H,6,84076.17
ES,"RIOJA, LA",N,01 - TOP,V,1,86619.6
ES,"RIOJA, LA",N,01 - TOP,V,2,73423.56
ES,"RIOJA, LA",N,01 - TOP,V,3,128541.09
ES,"RIOJA, LA",N,01 - TOP,V,4,105075.9
ES,"RIOJA, LA",N,01 - TOP,V,5,97002.18
ES,"RIOJA, LA",N,01 - TOP,V,6,124289.01
ES,"RIOJA, LA",N,02 - PARTICULARES,H,0,96020.7
ES,"RIOJA, LA",N,02 - PARTICULARES,H,1,93506.01
ES,"RIOJA, LA",N,02 - PARTICULARES,H,2,86059.11
ES,"RIOJA, LA",N,02 - PARTICULARES,H,3,88722.99
ES,"RIOJA, LA",N,02 - PARTICULARES,H,4,90752.04
ES,"RIOJA, LA",N,02 - PARTICULARES,H,5,98930.85
ES,"RIOJA, LA",N,02 - PARTICULARES,H,6,94689.72
ES,"RIOJA, LA",N,02 - PARTICULARES,V,0,97235.16
ES,"RIOJA, LA",N,02 - PARTICULARES,V,1,88674.87
ES,"RIOJA, LA",N,02 - PARTICULARES,V,2,74795.88
ES,"RIOJA, LA",N,02 - PARTICULARES,V,3,87082.68
ES,"RIOJA, LA",N,02 - PARTICULARES,V,4,93492.72
ES,"RIOJA, LA",N,02 - PARTICULARES,V,5,93702.18
ES,"RIOJA, LA",N,02 - PARTICULARES,V,6,99121.14
ES,"RIOJA, LA",N,03 - UNIVERSITARIO,H,0,81173.91
ES,"RIOJA, LA",N,03 - UNIVERSITARIO,H,1,83281.62
ES,"RIOJA, LA",N,03 - UNIVERSITARIO,H,2,78843.84
ES,"RIOJA, LA",N,03 - UNIVERSITARIO,H,3,90830.4
ES,"RIOJA, LA",N,03 - UNIVERSITARIO,H,4,84569.79
ES,"RIOJA, LA",N,03 - UNIVERSITARIO,H,5,108663.93
ES,"RIOJA, LA",N,03 - UNIVERSITARIO,V,0,87529.44
ES,"RIOJA, LA",N,03 - UNIVERSITARIO,V,1,88674.87
ES,"RIOJA, LA",N,03 - UNIVERSITARIO,V,2,77897.22
ES,"RIOJA, LA",N,03 - UNIVERSITARIO,V,3,90771.84
ES,"RIOJA, LA",N,03 - UNIVERSITARIO,V,4,87864.9
ES,"RIOJA, LA",N,03 - UNIVERSITARIO,V,5,66270.06
ES,SALAMANCA,A,02 - PARTICULARES,V,4,144057.57
ES,SALAMANCA,N,01 - TOP,H,1,205798.44
ES,SALAMANCA,N,01 - TOP,H,2,150501.3
ES,SALAMANCA,N,01 - TOP,H,3,88060.05
ES,SALAMANCA,N,01 - TOP,H,4,96901.71
ES,SALAMANCA,N,01 - TOP,H,5,100617.0
ES,SALAMANCA,N,01 - TOP,H,6,102369.27
ES,SALAMANCA,N,01 - TOP,V,0,133128.51
ES,SALAMANCA,N,01 - TOP,V,2,93715.35
ES,SALAMANCA,N,01 - TOP,V,3,102681.54
ES,SALAMANCA,N,01 - TOP,V,4,102119.91
ES,SALAMANCA,N,01 - TOP,V,5,112027.83
ES,SALAMANCA,N,01 - TOP,V,6,107180.4
ES,SALAMANCA,N,02 - PARTICULARES,H,0,91493.85
ES,SALAMANCA,N,02 - PARTICULARES,H,1,91956.18
ES,SALAMANCA,N,02 - PARTICULARES,H,2,96288.21
ES,SALAMANCA,N,02 - PARTICULARES,H,3,85708.08
ES,SALAMANCA,N,02 - PARTICULARES,H,4,93399.78
ES,SALAMANCA,N,02 - PARTICULARES,H,5,96181.71
ES,SALAMANCA,N,02 - PARTICULARES,H,6,111869.07
ES,SALAMANCA,N,02 - PARTICULARES,V,0,80998.02
ES,SALAMANCA,N,02 - PARTICULARES,V,1,97917.42
ES,SALAMANCA,N,02 - PARTICULARES,V,2,83673.81
ES,SALAMANCA,N,02 - PARTICULARES,V,3,91395.51
ES,SALAMANCA,N,02 - PARTICULARES,V,4,92230.86
ES,SALAMANCA,N,02 - PARTICULARES,V,5,92026.74
ES,SALAMANCA,N,02 - PARTICULARES,V,6,103908.33
ES,SALAMANCA,N,03 - UNIVERSITARIO,H,0,84410.01
ES,SALAMANCA,N,03 - UNIVERSITARIO,H,1,85012.71
ES,SALAMANCA,N,03 - UNIVERSITARIO,H,2,85042.26
ES,SALAMANCA,N,03 - UNIVERSITARIO,H,3,88685.73
ES,SALAMANCA,N,03 - UNIVERSITARIO,H,4,85031.43
ES,SALAMANCA,N,03 - UNIVERSITARIO,H,5,75277.65
ES,SALAMANCA,N,03 - UNIVERSITARIO,V,0,88991.91
ES,SALAMANCA,N,03 - UNIVERSITARIO,V,1,86712.87
ES,SALAMANCA,N,03 - UNIVERSITARIO,V,2,91168.56
ES,SALAMANCA,N,03 - UNIVERSITARIO,V,3,89650.35
ES,SALAMANCA,N,03 - UNIVERSITARIO,V,4,88763.25
ES,SALAMANCA,N,03 - UNIVERSITARIO,V,5,109019.46
ES,SALAMANCA,N,03 - UNIVERSITARIO,V,6,125185.95
ES,SANTA CRUZ DE TENERIFE,N,01 - TOP,H,3,57789.96
ES,SANTA CRUZ DE TENERIFE,N,01 - TOP,H,4,100371.57
ES,SANTA CRUZ DE TENERIFE,N,01 - TOP,H,5,109362.39
ES,SANTA CRUZ DE TENERIFE,N,01 - TOP,H,6,92718.87
ES,SANTA CRUZ DE TENERIFE,N,01 - TOP,V,0,69209.01
ES,SANTA CRUZ DE TENERIFE,N,01 - TOP,V,3,65458.23
ES,SANTA CRUZ DE TENERIFE,N,01 - TOP,V,4,94827.03
ES,SANTA CRUZ DE TENERIFE,N,01 - TOP,V,5,103446.51
ES,SANTA CRUZ DE TENERIFE,N,01 - TOP,V,6,111631.02
ES,SANTA CRUZ DE TENERIFE,N,02 - PARTICULARES,H,0,84652.05
ES,SANTA CRUZ DE TENERIFE,N,02 - PARTICULARES,H,1,77110.23
ES,SANTA CRUZ DE TENERIFE,N,02 - PARTICULARES,H,2,73292.16
ES,SANTA CRUZ DE TENERIFE,N,02 - PARTICULARES,H,3,69434.46
ES,SANTA CRUZ DE TENERIFE,N,02 - PARTICULARES,H,4,80613.3
ES,SANTA CRUZ DE TENERIFE,N,02 - PARTICULARES,H,5,87030.39
ES,SANTA CRUZ DE TENERIFE,N,02 - PARTICULARES,H,6,91884.24
ES,SANTA CRUZ DE TENERIFE,N,02 - PARTICULARES,V,0,83055.51
ES,SANTA CRUZ DE TENERIFE,N,02 - PARTICULARES,V,1,79718.46
ES,SANTA CRUZ DE TENERIFE,N,02 - PARTICULARES,V,2,79419.21
ES,SANTA CRUZ DE TENERIFE,N,02 - PARTICULARES,V,3,75658.26
ES,SANTA CRUZ DE TENERIFE,N,02 - PARTICULARES,V,4,82755.36
ES,SANTA CRUZ DE TENERIFE,N,02 - PARTICULARES,V,5,82326.78
ES,SANTA CRUZ DE TENERIFE,N,02 - PARTICULARES,V,6,97322.88
ES,SANTA CRUZ DE TENERIFE,N,03 - UNIVERSITARIO,H,0,87074.1
ES,SANTA CRUZ DE TENERIFE,N,03 - UNIVERSITARIO,H,1,83582.91
ES,SANTA CRUZ DE TENERIFE,N,03 - UNIVERSITARIO,H,2,83087.25
ES,SANTA CRUZ DE TENERIFE,N,03 - UNIVERSITARIO,H,3,82448.01
ES,SANTA CRUZ DE TENERIFE,N,03 - UNIVERSITARIO,H,4,85013.07
ES,SANTA CRUZ DE TENERIFE,N,03 - UNIVERSITARIO,V,0,90180.9
ES,SANTA CRUZ DE TENERIFE,N,03 - UNIVERSITARIO,V,1,90787.74
ES,SANTA CRUZ DE TENERIFE,N,03 - UNIVERSITARIO,V,2,81199.74
ES,SANTA CRUZ DE TENERIFE,N,03 - UNIVERSITARIO,V,3,79080.72
ES,SANTA CRUZ DE TENERIFE,N,03 - UNIVERSITARIO,V,4,80948.61
ES,SEGOVIA,N,01 - TOP,H,3,75557.46
ES,SEGOVIA,N,01 - TOP,H,4,94703.7
ES,SEGOVIA,N,01 - TOP,H,5,109483.26
ES,SEGOVIA,N,01 - TOP,H,6,114553.68
ES,SEGOVIA,N,01 - TOP,V,3,116187.63
ES,SEGOVIA,N,01 - TOP,V,4,92840.19
ES,SEGOVIA,N,01 - TOP,V,5,102742.2
ES,SEGOVIA,N,01 - TOP,V,6,101028.84
ES,SEGOVIA,N,02 - PARTICULARES,H,0,70507.35
ES,SEGOVIA,N,02 - PARTICULARES,H,1,98447.4
ES,SEGOVIA,N,02 - PARTICULARES,H,2,91877.28
ES,SEGOVIA,N,02 - PARTICULARES,H,3,79794.0
ES,SEGOVIA,N,02 - PARTICULARES,H,4,89939.37
ES,SEGOVIA,N,02 - PARTICULARES,H,5,100775.43
ES,SEGOVIA,N,02 - PARTICULARES,H,6,88596.81
ES,SEGOVIA,N,02 - PARTICULARES,V,0,109470.63
ES,SEGOVIA,N,02 - PARTICULARES,V,1,90469.08
ES,SEGOVIA,N,02 - PARTICULARES,V,2,77277.66
ES,SEGOVIA,N,02 - PARTICULARES,V,3,76867.65
ES,SEGOVIA,N,02 - PARTICULARES,V,4,86831.1
ES,SEGOVIA,N,02 - PARTICULARES,V,5,89588.91
ES,SEGOVIA,N,02 - PARTICULARES,V,6,96208.2
ES,SEGOVIA,N,03 - UNIVERSITARIO,H,0,88692.81
ES,SEGOVIA,N,03 - UNIVERSITARIO,H,1,83588.07
ES,SEGOVIA,N,03 - UNIVERSITARIO,H,2,90153.75
ES,SEGOVIA,N,03 - UNIVERSITARIO,H,3,133544.34
ES,SEGOVIA,N,03 - UNIVERSITARIO,H,4,86467.26
ES,SEGOVIA,N,03 - UNIVERSITARIO,V,0,89557.8
ES,SEGOVIA,N,03 - UNIVERSITARIO,V,1,95925.39
ES,SEGOVIA,N,03 - UNIVERSITARIO,V,2,81709.26
ES,SEGOVIA,N,03 - UNIVERSITARIO,V,3,128234.34
ES,SEGOVIA,N,03 - UNIVERSITARIO,V,4,92628.57
ES,SEVILLA,A,02 - PARTICULARES,V,4,63513.66
ES,SEVILLA,B,02 - PARTICULARES,V,4,231396.06
ES,SEVILLA,F,02 - PARTICULARES,H,4,89074.59
ES,SEVILLA,N,01 - TOP,H,0,724758.96
ES,SEVILLA,N,01 - TOP,H,3,133894.95
ES,SEVILLA,N,01 - TOP,H,4,120288.66
ES,SEVILLA,N,01 - TOP,H,5,108283.35
ES,SEVILLA,N,01 - TOP,H,6,161556.21
ES,SEVILLA,N,01 - TOP,V,0,106291.8
ES,SEVILLA,N,01 - TOP,V,1,80931.6
ES,SEVILLA,N,01 - TOP,V,2,152246.31
ES,SEVILLA,N,01 - TOP,V,3,110798.79
ES,SEVILLA,N,01 - TOP,V,4,110068.56
ES,SEVILLA,N,01 - TOP,V,5,117609.21
ES,SEVILLA,N,01 - TOP,V,6,124643.97
ES,SEVILLA,N,02 - PARTICULARES,H,0,97321.29
ES,SEVILLA,N,02 - PARTICULARES,H,1,95171.22
ES,SEVILLA,N,02 - PARTICULARES,H,2,78296.55
ES,SEVILLA,N,02 - PARTICULARES,H,3,84486.96
ES,SEVILLA,N,02 - PARTICULARES,H,4,95056.98
ES,SEVILLA,N,02 - PARTICULARES,H,5,101051.97
ES,SEVILLA,N,02 - PARTICULARES,H,6,117067.26
ES,SEVILLA,N,02 - PARTICULARES,V,0,101697.57
ES,SEVILLA,N,02 - PARTICULARES,V,1,88961.91
ES,SEVILLA,N,02 - PARTICULARES,V,2,77446.38
ES,SEVILLA,N,02 - PARTICULARES,V,3,84399.33
ES,SEVILLA,N,02 - PARTICULARES,V,4,92986.05
ES,SEVILLA,N,02 - PARTICULARES,V,5,99580.74
ES,SEVILLA,N,02 - PARTICULARES,V,6,114187.23
ES,SEVILLA,N,03 - UNIVERSITARIO,H,0,86580.39
ES,SEVILLA,N,03 - UNIVERSITARIO,H,1,84713.34
ES,SEVILLA,N,03 - UNIVERSITARIO,H,2,83200.53
ES,SEVILLA,N,03 - UNIVERSITARIO,H,3,90210.99
ES,SEVILLA,N,03 - UNIVERSITARIO,H,4,85097.49
ES,SEVILLA,N,03 - UNIVERSITARIO,H,5,216521.85
ES,SEVILLA,N,03 - UNIVERSITARIO,H,6,692699.805
ES,SEVILLA,N,03 - UNIVERSITARIO,V,0,94694.73
ES,SEVILLA,N,03 - UNIVERSITARIO,V,1,91704.51
ES,SEVILLA,N,03 - UNIVERSITARIO,V,2,91336.56
ES,SEVILLA,N,03 - UNIVERSITARIO,V,3,95749.62
ES,SEVILLA,N,03 - UNIVERSITARIO,V,4,92872.86
ES,SEVILLA,N,03 - UNIVERSITARIO,V,5,137596.14
ES,SEVILLA,N,03 - UNIVERSITARIO,V,6,149184.09
ES,SORIA,A,02 - PARTICULARES,V,4,103096.92
ES,SORIA,A,02 - PARTICULARES,V,5,103096.92
ES,SORIA,N,01 - TOP,H,4,73290.54
ES,SORIA,N,01 - TOP,H,5,290546.37
ES,SORIA,N,01 - TOP,H,6,73290.54
ES,SORIA,N,01 - TOP,V,3,121699.92
ES,SORIA,N,01 - TOP,V,4,85981.35
ES,SORIA,N,01 - TOP,V,5,85981.35
ES,SORIA,N,01 - TOP,V,6,57881.25
ES,SORIA,N,02 - PARTICULARES,H,0,78191.49
ES,SORIA,N,02 - PARTICULARES,H,1,81309.87
ES,SORIA,N,02 - PARTICULARES,H,2,79687.44
ES,SORIA,N,02 - PARTICULARES,H,3,81923.43
ES,SORIA,N,02 - PARTICULARES,H,4,74631.39
ES,SORIA,N,02 - PARTICULARES,H,5,77178.54
ES,SORIA,N,02 - PARTICULARES,H,6,85830.0
ES,SORIA,N,02 - PARTICULARES,V,0,76457.01
ES,SORIA,N,02 - PARTICULARES,V,1,68851.59
ES,SORIA,N,02 - PARTICULARES,V,2,75119.94
ES,SORIA,N,02 - PARTICULARES,V,3,67725.84
ES,SORIA,N,02 - PARTICULARES,V,4,78838.92
ES,SORIA,N,02 - PARTICULARES,V,5,82248.12
ES,SORIA,N,02 - PARTICULARES,V,6,80972.46
ES,SORIA,N,03 - UNIVERSITARIO,H,0,79147.8
ES,SORIA,N,03 - UNIVERSITARIO,H,1,79704.54
ES,SORIA,N,03 - UNIVERSITARIO,H,2,65474.7
ES,SORIA,N,03 - UNIVERSITARIO,H,3,71228.61
ES,SORIA,N,03 - UNIVERSITARIO,H,4,81671.97
ES,SORIA,N,03 - UNIVERSITARIO,H,6,71086.26
ES,SORIA,N,03 - UNIVERSITARIO,V,0,82432.635
ES,SORIA,N,03 - UNIVERSITARIO,V,1,77624.1
ES,SORIA,N,03 - UNIVERSITARIO,V,2,73508.04
ES,SORIA,N,03 - UNIVERSITARIO,V,3,85940.91
ES,SORIA,N,03 - UNIVERSITARIO,V,4,78033.36
ES,TARRAGONA,B,02 - PARTICULARES,V,4,107813.1
ES,TARRAGONA,N,01 - TOP,H,3,50600.16
ES,TARRAGONA,N,01 - TOP,H,4,105101.79
ES,TARRAGONA,N,01 - TOP,H,5,144378.0
ES,TARRAGONA,N,01 - TOP,H,6,128104.2
ES,TARRAGONA,N,01 - TOP,V,0,150548.22
ES,TARRAGONA,N,01 - TOP,V,3,87534.69
ES,TARRAGONA,N,01 - TOP,V,4,98456.43
ES,TARRAGONA,N,01 - TOP,V,5,95561.88
ES,TARRAGONA,N,01 - TOP,V,6,123980.34
ES,TARRAGONA,N,02 - PARTICULARES,H,0,71661.48
ES,TARRAGONA,N,02 - PARTICULARES,H,1,97805.04
ES,TARRAGONA,N,02 - PARTICULARES,H,2,72808.71
ES,TARRAGONA,N,02 - PARTICULARES,H,3,83951.31
ES,TARRAGONA,N,02 - PARTICULARES,H,4,88169.79
ES,TARRAGONA,N,02 - PARTICULARES,H,5,93416.94
ES,TARRAGONA,N,02 - PARTICULARES,H,6,90879.45
ES,TARRAGONA,N,02 - PARTICULARES,V,0,70452.15
ES,TARRAGONA,N,02 - PARTICULARES,V,1,74953.05
ES,TARRAGONA,N,02 - PARTICULARES,V,2,74183.1
ES,TARRAGONA,N,02 - PARTICULARES,V,3,78093.69
ES,TARRAGONA,N,02 - PARTICULARES,V,4,87601.2
ES,TARRAGONA,N,02 - PARTICULARES,V,5,92258.205
ES,TARRAGONA,N,02 - PARTICULARES,V,6,94981.98
ES,TARRAGONA,N,03 - UNIVERSITARIO,H,0,86310.21
ES,TARRAGONA,N,03 - UNIVERSITARIO,H,1,85533.96
ES,TARRAGONA,N,03 - UNIVERSITARIO,H,2,97773.75
ES,TARRAGONA,N,03 - UNIVERSITARIO,H,3,74652.93
ES,TARRAGONA,N,03 - UNIVERSITARIO,H,4,85533.96
ES,TARRAGONA,N,03 - UNIVERSITARIO,V,0,88380.18
ES,TARRAGONA,N,03 - UNIVERSITARIO,V,1,87210.87
ES,TARRAGONA,N,03 - UNIVERSITARIO,V,2,89074.11
ES,TARRAGONA,N,03 - UNIVERSITARIO,V,3,107501.49
ES,TARRAGONA,N,03 - UNIVERSITARIO,V,4,89372.37
ES,TARRAGONA,N,03 - UNIVERSITARIO,V,5,165898.26
ES,TERUEL,N,01 - TOP,H,3,76587.81
ES,TERUEL,N,01 - TOP,H,4,61124.85
ES,TERUEL,N,01 - TOP,H,5,53572.17
ES,TERUEL,N,01 - TOP,H,6,58732.35
ES,TERUEL,N,01 - TOP,V,4,69006.93
ES,TERUEL,N,01 - TOP,V,5,87211.02
ES,TERUEL,N,01 - TOP,V,6,66002.58
ES,TERUEL,N,02 - PARTICULARES,H,0,75081.03
ES,TERUEL,N,02 - PARTICULARES,H,1,81688.68
ES,TERUEL,N,02 - PARTICULARES,H,2,61304.13
ES,TERUEL,N,02 - PARTICULARES,H,3,70255.23
ES,TERUEL,N,02 - PARTICULARES,H,4,77776.08
ES,TERUEL,N,02 - PARTICULARES,H,5,84820.47
ES,TERUEL,N,02 - PARTICULARES,H,6,73605.12
ES,TERUEL,N,02 - PARTICULARES,V,0,59831.61
ES,TERUEL,N,02 - PARTICULARES,V,1,81688.68
ES,TERUEL,N,02 - PARTICULARES,V,2,90065.82
ES,TERUEL,N,02 - PARTICULARES,V,3,73605.12
ES,TERUEL,N,02 - PARTICULARES,V,4,76702.8
ES,TERUEL,N,02 - PARTICULARES,V,5,77375.76
ES,TERUEL,N,02 - PARTICULARES,V,6,78999.87
ES,TERUEL,N,03 - UNIVERSITARIO,H,0,74688.63
ES,TERUEL,N,03 - UNIVERSITARIO,H,1,75633.48
ES,TERUEL,N,03 - UNIVERSITARIO,H,2,72868.02
ES,TERUEL,N,03 - UNIVERSITARIO,H,3,64912.44
ES,TERUEL,N,03 - UNIVERSITARIO,H,4,74693.43
ES,TERUEL,N,03 - UNIVERSITARIO,V,0,86604.9
ES,TERUEL,N,03 - UNIVERSITARIO,V,1,78161.73
ES,TERUEL,N,03 - UNIVERSITARIO,V,2,70604.25
ES,TERUEL,N,03 - UNIVERSITARIO,V,3,102470.88
ES,TERUEL,N,03 - UNIVERSITARIO,V,4,78879.33
ES,TOLEDO,N,01 - TOP,H,3,80599.23
ES,TOLEDO,N,01 - TOP,H,4,80599.23
ES,TOLEDO,N,01 - TOP,H,5,93493.35
ES,TOLEDO,N,01 - TOP,H,6,85219.665
ES,TOLEDO,N,01 - TOP,V,3,66973.68
ES,TOLEDO,N,01 - TOP,V,4,79783.02
ES,TOLEDO,N,01 - TOP,V,5,86451.15
ES,TOLEDO,N,01 - TOP,V,6,82884.99
ES,TOLEDO,N,02 - PARTICULARES,H,0,73571.055
ES,TOLEDO,N,02 - PARTICULARES,H,1,76192.86
ES,TOLEDO,N,02 - PARTICULARES,H,2,57906.12
ES,TOLEDO,N,02 - PARTICULARES,H,3,65470.53
ES,TOLEDO,N,02 - PARTICULARES,H,4,73446.3
ES,TOLEDO,N,02 - PARTICULARES,H,5,71810.22
ES,TOLEDO,N,02 - PARTICULARES,H,6,72578.97
ES,TOLEDO,N,02 - PARTICULARES,V,0,65766.555
ES,TOLEDO,N,02 - PARTICULARES,V,1,68476.29
ES,TOLEDO,N,02 - PARTICULARES,V,2,62943.93
ES,TOLEDO,N,02 - PARTICULARES,V,3,68060.64
ES,TOLEDO,N,02 - PARTICULARES,V,4,73255.77
ES,TOLEDO,N,02 - PARTICULARES,V,5,73703.01
ES,TOLEDO,N,02 - PARTICULARES,V,6,78486.57
ES,TOLEDO,N,03 - UNIVERSITARIO,H,0,63919.68
ES,TOLEDO,N,03 - UNIVERSITARIO,H,1,62490.48
ES,TOLEDO,N,03 - UNIVERSITARIO,H,2,65424.0
ES,TOLEDO,N,03 - UNIVERSITARIO,H,3,70405.38
ES,TOLEDO,N,03 - UNIVERSITARIO,H,4,62915.1
ES,TOLEDO,N,03 - UNIVERSITARIO,V,0,69627.6
ES,TOLEDO,N,03 - UNIVERSITARIO,V,1,65059.62
ES,TOLEDO,N,03 - UNIVERSITARIO,V,2,71372.82
ES,TOLEDO,N,03 - UNIVERSITARIO,V,3,73233.75
ES,TOLEDO,N,03 - UNIVERSITARIO,V,4,66328.32
ES,TOLEDO,N,03 - UNIVERSITARIO,V,5,75872.58
ES,VALENCIA,A,02 - PARTICULARES,H,4,134049.93
ES,VALENCIA,B,02 - PARTICULARES,V,4,169701.495
ES,VALENCIA,B,02 - PARTICULARES,V,5,210769.11
ES,VALENCIA,F,02 - PARTICULARES,H,4,101529.51
ES,VALENCIA,N,01 - TOP,H,0,96750.51
ES,VALENCIA,N,01 - TOP,H,1,56169.42
ES,VALENCIA,N,01 - TOP,H,2,124337.1
ES,VALENCIA,N,01 - TOP,H,3,74237.16
ES,VALENCIA,N,01 - TOP,H,4,89508.03
ES,VALENCIA,N,01 - TOP,H,5,91370.94
ES,VALENCIA,N,01 - TOP,H,6,90900.12
ES,VALENCIA,N,01 - TOP,V,0,205385.46
ES,VALENCIA,N,01 - TOP,V,1,126604.38
ES,VALENCIA,N,01 - TOP,V,2,47506.23
ES,VALENCIA,N,01 - TOP,V,3,78380.34
ES,VALENCIA,N,01 - TOP,V,4,88374.75
ES,VALENCIA,N,01 - TOP,V,5,83124.72
ES,VALENCIA,N,01 - TOP,V,6,95896.35
ES,VALENCIA,N,02 - PARTICULARES,H,0,73473.3
ES,VALENCIA,N,02 - PARTICULARES,H,1,75635.34
ES,VALENCIA,N,02 - PARTICULARES,H,2,65820.0
ES,VALENCIA,N,02 - PARTICULARES,H,3,67006.89
ES,VALENCIA,N,02 - PARTICULARES,H,4,74756.22
ES,VALENCIA,N,02 - PARTICULARES,H,5,78025.2
ES,VALENCIA,N,02 - PARTICULARES,H,6,84204.39
ES,VALENCIA,N,02 - PARTICULARES,V,0,72444.72
ES,VALENCIA,N,02 - PARTICULARES,V,1,71291.64
ES,VALENCIA,N,02 - PARTICULARES,V,2,65786.82
ES,VALENCIA,N,02 - PARTICULARES,V,3,66457.02
ES,VALENCIA,N,02 - PARTICULARES,V,4,73806.51
ES,VALENCIA,N,02 - PARTICULARES,V,5,75394.29
ES,VALENCIA,N,02 - PARTICULARES,V,6,84776.4
ES,VALENCIA,N,03 - UNIVERSITARIO,H,0,69078.72
ES,VALENCIA,N,03 - UNIVERSITARIO,H,1,67686.9
ES,VALENCIA,N,03 - UNIVERSITARIO,H,2,66321.99
ES,VALENCIA,N,03 - UNIVERSITARIO,H,3,65267.73
ES,VALENCIA,N,03 - UNIVERSITARIO,H,4,68246.37
ES,VALENCIA,N,03 - UNIVERSITARIO,H,5,71121.9
ES,VALENCIA,N,03 - UNIVERSITARIO,V,0,73779.0
ES,VALENCIA,N,03 - UNIVERSITARIO,V,1,70237.23
ES,VALENCIA,N,03 - UNIVERSITARIO,V,2,65604.87
ES,VALENCIA,N,03 - UNIVERSITARIO,V,3,69769.68
ES,VALENCIA,N,03 - UNIVERSITARIO,V,4,70763.25
ES,VALENCIA,N,03 - UNIVERSITARIO,V,5,118519.485
ES,VALLADOLID,A,02 - PARTICULARES,V,4,124750.83
ES,VALLADOLID,B,01 - TOP,V,4,276627.15
ES,VALLADOLID,B,02 - PARTICULARES,V,4,276627.15
ES,VALLADOLID,F,02 - PARTICULARES,V,4,135400.35
ES,VALLADOLID,N,01 - TOP,H,3,97330.77
ES,VALLADOLID,N,01 - TOP,H,4,106113.39
ES,VALLADOLID,N,01 - TOP,H,5,104033.25
ES,VALLADOLID,N,01 - TOP,H,6,104853.21
ES,VALLADOLID,N,01 - TOP,V,0,100297.77
ES,VALLADOLID,N,01 - TOP,V,2,102612.42
ES,VALLADOLID,N,01 - TOP,V,3,114492.78
ES,VALLADOLID,N,01 - TOP,V,4,106124.88
ES,VALLADOLID,N,01 - TOP,V,5,107606.79
ES,VALLADOLID,N,01 - TOP,V,6,102428.61
ES,VALLADOLID,N,02 - PARTICULARES,H,0,85007.52
ES,VALLADOLID,N,02 - PARTICULARES,H,1,103182.03
ES,VALLADOLID,N,02 - PARTICULARES,H,2,78744.06
ES,VALLADOLID,N,02 - PARTICULARES,H,3,80909.37
ES,VALLADOLID,N,02 - PARTICULARES,H,4,91964.85
ES,VALLADOLID,N,02 - PARTICULARES,H,5,101757.33
ES,VALLADOLID,N,02 - PARTICULARES,H,6,100704.78
ES,VALLADOLID,N,02 - PARTICULARES,V,0,97037.64
ES,VALLADOLID,N,02 - PARTICULARES,V,1,90894.6
ES,VALLADOLID,N,02 - PARTICULARES,V,2,87134.16
ES,VALLADOLID,N,02 - PARTICULARES,V,3,81541.44
ES,VALLADOLID,N,02 - PARTICULARES,V,4,92076.45
ES,VALLADOLID,N,02 - PARTICULARES,V,5,97306.5
ES,VALLADOLID,N,02 - PARTICULARES,V,6,99781.08
ES,VALLADOLID,N,03 - UNIVERSITARIO,H,0,88909.95
ES,VALLADOLID,N,03 - UNIVERSITARIO,H,1,87130.59
ES,VALLADOLID,N,03 - UNIVERSITARIO,H,2,87773.97
ES,VALLADOLID,N,03 - UNIVERSITARIO,H,3,78161.07
ES,VALLADOLID,N,03 - UNIVERSITARIO,H,4,88193.49
ES,VALLADOLID,N,03 - UNIVERSITARIO,H,5,132436.485
ES,VALLADOLID,N,03 - UNIVERSITARIO,H,6,87674.19
ES,VALLADOLID,N,03 - UNIVERSITARIO,V,0,99873.3
ES,VALLADOLID,N,03 - UNIVERSITARIO,V,1,94279.845
ES,VALLADOLID,N,03 - UNIVERSITARIO,V,2,86949.66
ES,VALLADOLID,N,03 - UNIVERSITARIO,V,3,94039.53
ES,VALLADOLID,N,03 - UNIVERSITARIO,V,4,95089.68
ES,VALLADOLID,N,03 - UNIVERSITARIO,V,5,95337.51
ES,VALLADOLID,N,03 - UNIVERSITARIO,V,6,95337.51
ES,ZAMORA,N,01 - TOP,H,2,22698.54
ES,ZAMORA,N,01 - TOP,H,3,49701.6
ES,ZAMORA,N,01 - TOP,H,4,81215.64
ES,ZAMORA,N,01 - TOP,H,5,71275.89
ES,ZAMORA,N,01 - TOP,H,6,118251.585
ES,ZAMORA,N,01 - TOP,V,3,85754.31
ES,ZAMORA,N,01 - TOP,V,4,76117.92
ES,ZAMORA,N,01 - TOP,V,5,105274.17
ES,ZAMORA,N,01 - TOP,V,6,76429.41
ES,ZAMORA,N,02 - PARTICULARES,H,0,70367.43
ES,ZAMORA,N,02 - PARTICULARES,H,1,79821.21
ES,ZAMORA,N,02 - PARTICULARES,H,2,82631.25
ES,ZAMORA,N,02 - PARTICULARES,H,3,68965.14
ES,ZAMORA,N,02 - PARTICULARES,H,4,77541.24
ES,ZAMORA,N,02 - PARTICULARES,H,5,83377.8
ES,ZAMORA,N,02 - PARTICULARES,H,6,80163.48
ES,ZAMORA,N,02 - PARTICULARES,V,0,68622.72
ES,ZAMORA,N,02 - PARTICULARES,V,1,95142.0
ES,ZAMORA,N,02 - PARTICULARES,V,2,77286.45
ES,ZAMORA,N,02 - PARTICULARES,V,3,76321.14
ES,ZAMORA,N,02 - PARTICULARES,V,4,76881.15
ES,ZAMORA,N,02 - PARTICULARES,V,5,74897.01
ES,ZAMORA,N,02 - PARTICULARES,V,6,86473.89
ES,ZAMORA,N,03 - UNIVERSITARIO,H,0,71624.25
ES,ZAMORA,N,03 - UNIVERSITARIO,H,1,69322.47
ES,ZAMORA,N,03 - UNIVERSITARIO,H,2,66786.66
ES,ZAMORA,N,03 - UNIVERSITARIO,H,3,85198.71
ES,ZAMORA,N,03 - UNIVERSITARIO,H,4,69982.035
ES,ZAMORA,N,03 - UNIVERSITARIO,H,5,89901.63
ES,ZAMORA,N,03 - UNIVERSITARIO,V,0,80542.56
ES,ZAMORA,N,03 - UNIVERSITARIO,V,1,75396.84
ES,ZAMORA,N,03 - UNIVERSITARIO,V,2,83077.8
ES,ZAMORA,N,03 - UNIVERSITARIO,V,3,68782.23
ES,ZAMORA,N,03 - UNIVERSITARIO,V,4,76909.65
ES,ZARAGOZA,A,02 - PARTICULARES,H,4,112922.22
ES,ZARAGOZA,B,02 - PARTICULARES,H,4,292787.58
ES,ZARAGOZA,B,02 - PARTICULARES,H,5,292787.58
ES,ZARAGOZA,N,01 - TOP,H,3,96041.52
ES,ZARAGOZA,N,01 - TOP,H,4,109505.22
ES,ZARAGOZA,N,01 - TOP,H,5,123025.59
ES,ZARAGOZA,N,01 - TOP,H,6,93967.89
ES,ZARAGOZA,N,01 - TOP,V,0,92475.96
ES,ZARAGOZA,N,01 - TOP,V,2,43335.93
ES,ZARAGOZA,N,01 - TOP,V,3,109612.53
ES,ZARAGOZA,N,01 - TOP,V,4,104605.32
ES,ZARAGOZA,N,01 - TOP,V,5,113885.67
ES,ZARAGOZA,N,01 - TOP,V,6,110293.38
ES,ZARAGOZA,N,02 - PARTICULARES,H,0,104470.71
ES,ZARAGOZA,N,02 - PARTICULARES,H,1,101562.99
ES,ZARAGOZA,N,02 - PARTICULARES,H,2,92597.19
ES,ZARAGOZA,N,02 - PARTICULARES,H,3,92319.69
ES,ZARAGOZA,N,02 - PARTICULARES,H,4,98629.65
ES,ZARAGOZA,N,02 - PARTICULARES,H,5,107153.52
ES,ZARAGOZA,N,02 - PARTICULARES,H,6,105083.1
ES,ZARAGOZA,N,02 - PARTICULARES,V,0,88011.24
ES,ZARAGOZA,N,02 - PARTICULARES,V,1,98384.91
ES,ZARAGOZA,N,02 - PARTICULARES,V,2,95814.12
ES,ZARAGOZA,N,02 - PARTICULARES,V,3,88364.73
ES,ZARAGOZA,N,02 - PARTICULARES,V,4,97602.03
ES,ZARAGOZA,N,02 - PARTICULARES,V,5,105511.83
ES,ZARAGOZA,N,02 - PARTICULARES,V,6,105713.85
ES,ZARAGOZA,N,03 - UNIVERSITARIO,H,0,101135.22
ES,ZARAGOZA,N,03 - UNIVERSITARIO,H,1,96066.27
ES,ZARAGOZA,N,03 - UNIVERSITARIO,H,2,92888.07
ES,ZARAGOZA,N,03 - UNIVERSITARIO,H,3,89430.39
ES,ZARAGOZA,N,03 - UNIVERSITARIO,H,4,96225.81
ES,ZARAGOZA,N,03 - UNIVERSITARIO,H,5,186960.15
ES,ZARAGOZA,N,03 - UNIVERSITARIO,V,0,105697.8
ES,ZARAGOZA,N,03 - UNIVERSITARIO,V,1,101282.91
ES,ZARAGOZA,N,03 - UNIVERSITARIO,V,2,98541.99
ES,ZARAGOZA,N,03 - UNIVERSITARIO,V,3,95203.26
ES,ZARAGOZA,N,03 - UNIVERSITARIO,V,4,102363.06
ES,ZARAGOZA,N,03 - UNIVERSITARIO,V,5,160335.42
IT,MADRID,N,02 - PARTICULARES,H,4,669790.32
IT,MADRID,N,02 - PARTICULARES,H,6,669790.32
IT,MADRID,N,02 - PARTICULARES,V,4,149309.34
IT,MADRID,N,02 - PARTICULARES,V,6,149309.34
PY,GUADALAJARA,N,02 - PARTICULARES,V,4,128107.92
PY,GUADALAJARA,N,02 - PARTICULARES,V,5,128107.92
